List Size,Algorithm,Comparisons
5000,QuickSelect,13694
5000,LazySelect,26121
5000,QuickSelect,17988
5000,LazySelect,27523
5000,QuickSelect,11293
5000,LazySelect,31452
5000,QuickSelect,13263
5000,LazySelect,26522
5000,QuickSelect,19437
5000,LazySelect,27521
5000,QuickSelect,21644
5000,LazySelect,24346
5000,QuickSelect,6171
5000,LazySelect,19648
5000,QuickSelect,22575
5000,LazySelect,27424
5000,QuickSelect,13717
5000,LazySelect,28061
5000,QuickSelect,13769
5000,LazySelect,26411
5000,QuickSelect,15227
5000,LazySelect,28597
5000,QuickSelect,6363
5000,LazySelect,20490
5000,QuickSelect,14735
5000,LazySelect,28069
5000,QuickSelect,12510
5000,LazySelect,27948
5000,QuickSelect,21058
5000,LazySelect,26355
5000,QuickSelect,20896
5000,LazySelect,25738
5000,QuickSelect,14151
5000,LazySelect,24539
5000,QuickSelect,10629
5000,LazySelect,26565
5000,QuickSelect,11238
5000,LazySelect,28185
5000,QuickSelect,11812
5000,LazySelect,28530
5000,QuickSelect,16545
5000,LazySelect,27527
5000,QuickSelect,8324
5000,LazySelect,27904
5000,QuickSelect,25624
5000,LazySelect,25202
5000,QuickSelect,18721
5000,LazySelect,25351
5000,QuickSelect,28668
5000,LazySelect,27505
5000,QuickSelect,21836
5000,LazySelect,27582
5000,QuickSelect,16411
5000,LazySelect,27163
5000,QuickSelect,14717
5000,LazySelect,26147
5000,QuickSelect,6651
5000,LazySelect,25192
5000,QuickSelect,20772
5000,LazySelect,28717
5000,QuickSelect,19563
5000,LazySelect,26449
5000,QuickSelect,26713
5000,LazySelect,26377
5000,QuickSelect,12670
5000,LazySelect,20939
5000,QuickSelect,10656
5000,LazySelect,27677
5000,QuickSelect,18301
5000,LazySelect,26413
5000,QuickSelect,13164
5000,LazySelect,27216
5000,QuickSelect,11194
5000,LazySelect,26933
5000,QuickSelect,17267
5000,LazySelect,25338
5000,QuickSelect,12073
5000,LazySelect,22948
5000,QuickSelect,14233
5000,LazySelect,28428
5000,QuickSelect,12543
5000,LazySelect,27112
5000,QuickSelect,15566
5000,LazySelect,25463
5000,QuickSelect,10267
5000,LazySelect,25368
5000,QuickSelect,18768
5000,LazySelect,28605
5000,QuickSelect,15415
5000,LazySelect,24229
5000,QuickSelect,19871
5000,LazySelect,25347
5000,QuickSelect,12830
5000,LazySelect,27416
5000,QuickSelect,27226
5000,LazySelect,24025
5000,QuickSelect,19054
5000,LazySelect,25619
5000,QuickSelect,14737
5000,LazySelect,27585
5000,QuickSelect,13205
5000,LazySelect,26685
5000,QuickSelect,15310
5000,LazySelect,27079
5000,QuickSelect,21507
5000,LazySelect,28364
5000,QuickSelect,16797
5000,LazySelect,26501
5000,QuickSelect,18093
5000,LazySelect,27694
5000,QuickSelect,7374
5000,LazySelect,17248
5000,QuickSelect,10514
5000,LazySelect,26139
5000,QuickSelect,22340
5000,LazySelect,24884
5000,QuickSelect,19326
5000,LazySelect,25394
5000,QuickSelect,23097
5000,LazySelect,26490
5000,QuickSelect,12033
5000,LazySelect,22180
5000,QuickSelect,8690
5000,LazySelect,28631
5000,QuickSelect,25932
5000,LazySelect,26781
5000,QuickSelect,19489
5000,LazySelect,26400
5000,QuickSelect,10958
5000,LazySelect,29569
5000,QuickSelect,22217
5000,LazySelect,28457
5000,QuickSelect,7251
5000,LazySelect,24536
5000,QuickSelect,21460
5000,LazySelect,27432
5000,QuickSelect,13637
5000,LazySelect,28138
5000,QuickSelect,9215
5000,LazySelect,27602
5000,QuickSelect,15695
5000,LazySelect,27138
5000,QuickSelect,7467
5000,LazySelect,23210
5000,QuickSelect,23758
5000,LazySelect,24640
5000,QuickSelect,15826
5000,LazySelect,20458
5000,QuickSelect,15268
5000,LazySelect,25465
5000,QuickSelect,13731
5000,LazySelect,26936
5000,QuickSelect,24500
5000,LazySelect,23771
5000,QuickSelect,16925
5000,LazySelect,26849
5000,QuickSelect,8765
5000,LazySelect,25919
5000,QuickSelect,12712
5000,LazySelect,25718
5000,QuickSelect,13968
5000,LazySelect,26964
5000,QuickSelect,6162
5000,LazySelect,22077
5000,QuickSelect,12452
5000,LazySelect,28103
5000,QuickSelect,15898
5000,LazySelect,27481
5000,QuickSelect,14951
5000,LazySelect,28429
5000,QuickSelect,10357
5000,LazySelect,24461
5000,QuickSelect,8791
5000,LazySelect,24097
5000,QuickSelect,14704
5000,LazySelect,24861
5000,QuickSelect,11358
5000,LazySelect,22781
5000,QuickSelect,23441
5000,LazySelect,26403
5000,QuickSelect,15994
5000,LazySelect,25899
5000,QuickSelect,16864
5000,LazySelect,26584
5000,QuickSelect,19302
5000,LazySelect,26121
5000,QuickSelect,21274
5000,LazySelect,26788
5000,QuickSelect,21563
5000,LazySelect,26325
5000,QuickSelect,11790
5000,LazySelect,26320
5000,QuickSelect,18321
5000,LazySelect,26416
5000,QuickSelect,5786
5000,LazySelect,18032
5000,QuickSelect,15095
5000,LazySelect,24266
5000,QuickSelect,13507
5000,LazySelect,26128
10000,QuickSelect,33210
10000,LazySelect,50373
10000,QuickSelect,39259
10000,LazySelect,49900
10000,QuickSelect,26817
10000,LazySelect,40433
10000,QuickSelect,32977
10000,LazySelect,46446
10000,QuickSelect,27555
10000,LazySelect,48123
10000,QuickSelect,13494
10000,LazySelect,54994
10000,QuickSelect,34332
10000,LazySelect,45486
10000,QuickSelect,21840
10000,LazySelect,51859
10000,QuickSelect,17919
10000,LazySelect,42927
10000,QuickSelect,18254
10000,LazySelect,51976
10000,QuickSelect,32904
10000,LazySelect,47415
10000,QuickSelect,30935
10000,LazySelect,48402
10000,QuickSelect,36238
10000,LazySelect,50186
10000,QuickSelect,28973
10000,LazySelect,48760
10000,QuickSelect,19063
10000,LazySelect,54004
10000,QuickSelect,37710
10000,LazySelect,52651
10000,QuickSelect,23344
10000,LazySelect,41440
10000,QuickSelect,18432
10000,LazySelect,47065
10000,QuickSelect,20814
10000,LazySelect,49439
10000,QuickSelect,23099
10000,LazySelect,46357
10000,QuickSelect,11870
10000,LazySelect,46465
10000,QuickSelect,29916
10000,LazySelect,55584
10000,QuickSelect,29869
10000,LazySelect,50431
10000,QuickSelect,20509
10000,LazySelect,41049
10000,QuickSelect,15201
10000,LazySelect,39462
10000,QuickSelect,39048
10000,LazySelect,50549
10000,QuickSelect,27864
10000,LazySelect,48274
10000,QuickSelect,26174
10000,LazySelect,53717
10000,QuickSelect,41237
10000,LazySelect,47639
10000,QuickSelect,33755
10000,LazySelect,50003
10000,QuickSelect,41479
10000,LazySelect,57289
10000,QuickSelect,15395
10000,LazySelect,45110
10000,QuickSelect,31667
10000,LazySelect,47160
10000,QuickSelect,25043
10000,LazySelect,52748
10000,QuickSelect,18985
10000,LazySelect,52042
10000,QuickSelect,26084
10000,LazySelect,52137
10000,QuickSelect,10883
10000,LazySelect,36229
10000,QuickSelect,18233
10000,LazySelect,48802
10000,QuickSelect,15232
10000,LazySelect,49983
10000,QuickSelect,21338
10000,LazySelect,51183
10000,QuickSelect,18192
10000,LazySelect,40957
10000,QuickSelect,26064
10000,LazySelect,52397
10000,QuickSelect,39154
10000,LazySelect,45606
10000,QuickSelect,30866
10000,LazySelect,52728
10000,QuickSelect,14046
10000,LazySelect,52709
10000,QuickSelect,19544
10000,LazySelect,53223
10000,QuickSelect,43326
10000,LazySelect,53394
10000,QuickSelect,30062
10000,LazySelect,49344
10000,QuickSelect,22614
10000,LazySelect,38537
10000,QuickSelect,25911
10000,LazySelect,52454
10000,QuickSelect,21264
10000,LazySelect,53668
10000,QuickSelect,20229
10000,LazySelect,49063
10000,QuickSelect,30144
10000,LazySelect,49472
10000,QuickSelect,29360
10000,LazySelect,48686
10000,QuickSelect,16782
10000,LazySelect,49345
10000,QuickSelect,21443
10000,LazySelect,46069
10000,QuickSelect,36443
10000,LazySelect,53629
10000,QuickSelect,47508
10000,LazySelect,46243
10000,QuickSelect,26965
10000,LazySelect,55443
10000,QuickSelect,29020
10000,LazySelect,48759
10000,QuickSelect,33267
10000,LazySelect,54721
10000,QuickSelect,36883
10000,LazySelect,53828
10000,QuickSelect,54809
10000,LazySelect,50926
10000,QuickSelect,34477
10000,LazySelect,49011
10000,QuickSelect,37314
10000,LazySelect,36391
10000,QuickSelect,43222
10000,LazySelect,49259
10000,QuickSelect,16396
10000,LazySelect,51054
10000,QuickSelect,38007
10000,LazySelect,49073
10000,QuickSelect,27657
10000,LazySelect,51797
10000,QuickSelect,21879
10000,LazySelect,50495
10000,QuickSelect,31353
10000,LazySelect,53518
10000,QuickSelect,34907
10000,LazySelect,53521
10000,QuickSelect,35909
10000,LazySelect,50691
10000,QuickSelect,16730
10000,LazySelect,53677
10000,QuickSelect,35052
10000,LazySelect,54300
10000,QuickSelect,31842
10000,LazySelect,47773
10000,QuickSelect,61499
10000,LazySelect,50104
10000,QuickSelect,41494
10000,LazySelect,44379
10000,QuickSelect,51885
10000,LazySelect,51267
10000,QuickSelect,39065
10000,LazySelect,51109
10000,QuickSelect,44839
10000,LazySelect,53993
10000,QuickSelect,22856
10000,LazySelect,32623
10000,QuickSelect,38756
10000,LazySelect,54980
10000,QuickSelect,24748
10000,LazySelect,51564
10000,QuickSelect,24462
10000,LazySelect,49007
10000,QuickSelect,48156
10000,LazySelect,51993
10000,QuickSelect,33159
10000,LazySelect,48738
10000,QuickSelect,34761
10000,LazySelect,35516
10000,QuickSelect,37394
10000,LazySelect,47676
10000,QuickSelect,21972
10000,LazySelect,49428
10000,QuickSelect,29024
10000,LazySelect,47827
10000,QuickSelect,32259
10000,LazySelect,50899
10000,QuickSelect,37470
10000,LazySelect,51744
10000,QuickSelect,36293
10000,LazySelect,51733
10000,QuickSelect,18006
10000,LazySelect,43132
10000,QuickSelect,20971
10000,LazySelect,48597
10000,QuickSelect,23932
10000,LazySelect,45838
10000,QuickSelect,13956
10000,LazySelect,41165
10000,QuickSelect,25168
10000,LazySelect,51149
10000,QuickSelect,22234
10000,LazySelect,50361
15000,QuickSelect,62812
15000,LazySelect,76279
15000,QuickSelect,63723
15000,LazySelect,76286
15000,QuickSelect,20962
15000,LazySelect,82458
15000,QuickSelect,42782
15000,LazySelect,76975
15000,QuickSelect,89531
15000,LazySelect,74862
15000,QuickSelect,38874
15000,LazySelect,75939
15000,QuickSelect,55276
15000,LazySelect,70099
15000,QuickSelect,55587
15000,LazySelect,74669
15000,QuickSelect,55868
15000,LazySelect,70393
15000,QuickSelect,69710
15000,LazySelect,68892
15000,QuickSelect,37692
15000,LazySelect,67896
15000,QuickSelect,74470
15000,LazySelect,70406
15000,QuickSelect,31385
15000,LazySelect,50335
15000,QuickSelect,22589
15000,LazySelect,80047
15000,QuickSelect,48392
15000,LazySelect,63594
15000,QuickSelect,52523
15000,LazySelect,69404
15000,QuickSelect,59596
15000,LazySelect,68189
15000,QuickSelect,38989
15000,LazySelect,67645
15000,QuickSelect,42590
15000,LazySelect,67813
15000,QuickSelect,24545
15000,LazySelect,75904
15000,QuickSelect,57627
15000,LazySelect,70107
15000,QuickSelect,58666
15000,LazySelect,75495
15000,QuickSelect,57885
15000,LazySelect,64762
15000,QuickSelect,40662
15000,LazySelect,70057
15000,QuickSelect,44917
15000,LazySelect,75661
15000,QuickSelect,27117
15000,LazySelect,78574
15000,QuickSelect,35064
15000,LazySelect,71622
15000,QuickSelect,66313
15000,LazySelect,73068
15000,QuickSelect,29833
15000,LazySelect,72204
15000,QuickSelect,31999
15000,LazySelect,70329
15000,QuickSelect,62716
15000,LazySelect,68663
15000,QuickSelect,38109
15000,LazySelect,66572
15000,QuickSelect,39511
15000,LazySelect,73346
15000,QuickSelect,21877
15000,LazySelect,79532
15000,QuickSelect,51846
15000,LazySelect,72916
15000,QuickSelect,24609
15000,LazySelect,75387
15000,QuickSelect,45331
15000,LazySelect,74426
15000,QuickSelect,38502
15000,LazySelect,73625
15000,QuickSelect,55403
15000,LazySelect,65660
15000,QuickSelect,46609
15000,LazySelect,71865
15000,QuickSelect,29500
15000,LazySelect,77615
15000,QuickSelect,55381
15000,LazySelect,59345
15000,QuickSelect,43385
15000,LazySelect,65112
15000,QuickSelect,42265
15000,LazySelect,70681
15000,QuickSelect,41820
15000,LazySelect,73094
15000,QuickSelect,37112
15000,LazySelect,74574
15000,QuickSelect,43589
15000,LazySelect,70209
15000,QuickSelect,26994
15000,LazySelect,77629
15000,QuickSelect,34729
15000,LazySelect,79134
15000,QuickSelect,46937
15000,LazySelect,70241
15000,QuickSelect,49978
15000,LazySelect,69768
15000,QuickSelect,25383
15000,LazySelect,79410
15000,QuickSelect,64602
15000,LazySelect,70182
15000,QuickSelect,37510
15000,LazySelect,72137
15000,QuickSelect,37429
15000,LazySelect,73576
15000,QuickSelect,49150
15000,LazySelect,73199
15000,QuickSelect,77202
15000,LazySelect,74867
15000,QuickSelect,30660
15000,LazySelect,73429
15000,QuickSelect,25459
15000,LazySelect,74470
15000,QuickSelect,33527
15000,LazySelect,77544
15000,QuickSelect,17098
15000,LazySelect,62898
15000,QuickSelect,64062
15000,LazySelect,75955
15000,QuickSelect,30444
15000,LazySelect,69504
15000,QuickSelect,45129
15000,LazySelect,78276
15000,QuickSelect,43072
15000,LazySelect,61312
15000,QuickSelect,56392
15000,LazySelect,70862
15000,QuickSelect,58667
15000,LazySelect,74012
15000,QuickSelect,35628
15000,LazySelect,58835
15000,QuickSelect,25000
15000,LazySelect,75070
15000,QuickSelect,85867
15000,LazySelect,70970
15000,QuickSelect,29118
15000,LazySelect,65515
15000,QuickSelect,40177
15000,LazySelect,75397
15000,QuickSelect,71250
15000,LazySelect,75119
15000,QuickSelect,47768
15000,LazySelect,69376
15000,QuickSelect,52772
15000,LazySelect,75979
15000,QuickSelect,33071
15000,LazySelect,66733
15000,QuickSelect,32060
15000,LazySelect,64266
15000,QuickSelect,43833
15000,LazySelect,51777
15000,QuickSelect,42101
15000,LazySelect,48091
15000,QuickSelect,44478
15000,LazySelect,74249
15000,QuickSelect,35914
15000,LazySelect,70281
15000,QuickSelect,47080
15000,LazySelect,78996
15000,QuickSelect,53939
15000,LazySelect,72033
15000,QuickSelect,27772
15000,LazySelect,50384
15000,QuickSelect,56346
15000,LazySelect,67514
15000,QuickSelect,70463
15000,LazySelect,75603
15000,QuickSelect,44992
15000,LazySelect,60271
15000,QuickSelect,33651
15000,LazySelect,77708
15000,QuickSelect,36357
15000,LazySelect,67305
15000,QuickSelect,64004
15000,LazySelect,71809
15000,QuickSelect,45415
15000,LazySelect,65336
15000,QuickSelect,33375
15000,LazySelect,77075
15000,QuickSelect,73235
15000,LazySelect,78977
15000,QuickSelect,52279
15000,LazySelect,62445
15000,QuickSelect,56006
15000,LazySelect,72564
15000,QuickSelect,43927
15000,LazySelect,74090
15000,QuickSelect,41635
15000,LazySelect,67883
15000,QuickSelect,37379
15000,LazySelect,72507
15000,QuickSelect,26251
15000,LazySelect,65323
15000,QuickSelect,33641
15000,LazySelect,48554
20000,QuickSelect,50303
20000,LazySelect,95741
20000,QuickSelect,79985
20000,LazySelect,88658
20000,QuickSelect,47728
20000,LazySelect,93761
20000,QuickSelect,33498
20000,LazySelect,72292
20000,QuickSelect,73941
20000,LazySelect,91262
20000,QuickSelect,64261
20000,LazySelect,94791
20000,QuickSelect,44219
20000,LazySelect,89400
20000,QuickSelect,74522
20000,LazySelect,92638
20000,QuickSelect,60485
20000,LazySelect,63797
20000,QuickSelect,55172
20000,LazySelect,86469
20000,QuickSelect,68186
20000,LazySelect,96696
20000,QuickSelect,67245
20000,LazySelect,91729
20000,QuickSelect,37892
20000,LazySelect,90185
20000,QuickSelect,48174
20000,LazySelect,86841
20000,QuickSelect,67260
20000,LazySelect,94890
20000,QuickSelect,68459
20000,LazySelect,96623
20000,QuickSelect,45234
20000,LazySelect,65108
20000,QuickSelect,67553
20000,LazySelect,90332
20000,QuickSelect,62968
20000,LazySelect,94093
20000,QuickSelect,80205
20000,LazySelect,96375
20000,QuickSelect,62954
20000,LazySelect,90442
20000,QuickSelect,30491
20000,LazySelect,98693
20000,QuickSelect,57852
20000,LazySelect,85996
20000,QuickSelect,40101
20000,LazySelect,103991
20000,QuickSelect,79635
20000,LazySelect,98843
20000,QuickSelect,72271
20000,LazySelect,84820
20000,QuickSelect,70911
20000,LazySelect,84727
20000,QuickSelect,52147
20000,LazySelect,96255
20000,QuickSelect,86850
20000,LazySelect,93093
20000,QuickSelect,84479
20000,LazySelect,82608
20000,QuickSelect,47280
20000,LazySelect,97664
20000,QuickSelect,33813
20000,LazySelect,86688
20000,QuickSelect,47685
20000,LazySelect,92272
20000,QuickSelect,45809
20000,LazySelect,78348
20000,QuickSelect,52169
20000,LazySelect,90339
20000,QuickSelect,32754
20000,LazySelect,93884
20000,QuickSelect,49270
20000,LazySelect,79535
20000,QuickSelect,71851
20000,LazySelect,92027
20000,QuickSelect,19999
20000,LazySelect,101846
20000,QuickSelect,75137
20000,LazySelect,89002
20000,QuickSelect,67621
20000,LazySelect,88253
20000,QuickSelect,46246
20000,LazySelect,82083
20000,QuickSelect,70583
20000,LazySelect,86466
20000,QuickSelect,79556
20000,LazySelect,89933
20000,QuickSelect,55342
20000,LazySelect,102488
20000,QuickSelect,47840
20000,LazySelect,103131
20000,QuickSelect,67665
20000,LazySelect,99558
20000,QuickSelect,32113
20000,LazySelect,99436
20000,QuickSelect,32319
20000,LazySelect,80087
20000,QuickSelect,83947
20000,LazySelect,91709
20000,QuickSelect,28066
20000,LazySelect,84411
20000,QuickSelect,21214
20000,LazySelect,61032
20000,QuickSelect,54225
20000,LazySelect,91490
20000,QuickSelect,67757
20000,LazySelect,83690
20000,QuickSelect,39076
20000,LazySelect,93224
20000,QuickSelect,60718
20000,LazySelect,93398
20000,QuickSelect,59791
20000,LazySelect,89603
20000,QuickSelect,57251
20000,LazySelect,92730
20000,QuickSelect,31645
20000,LazySelect,96355
20000,QuickSelect,30478
20000,LazySelect,79091
20000,QuickSelect,37440
20000,LazySelect,90888
20000,QuickSelect,50097
20000,LazySelect,101889
20000,QuickSelect,39966
20000,LazySelect,97611
20000,QuickSelect,25540
20000,LazySelect,63991
20000,QuickSelect,45040
20000,LazySelect,87549
20000,QuickSelect,42289
20000,LazySelect,81560
20000,QuickSelect,73405
20000,LazySelect,94352
20000,QuickSelect,89560
20000,LazySelect,91605
20000,QuickSelect,51087
20000,LazySelect,89309
20000,QuickSelect,63023
20000,LazySelect,93119
20000,QuickSelect,112841
20000,LazySelect,101179
20000,QuickSelect,43674
20000,LazySelect,100597
20000,QuickSelect,52550
20000,LazySelect,87022
20000,QuickSelect,49362
20000,LazySelect,98480
20000,QuickSelect,51689
20000,LazySelect,95831
20000,QuickSelect,84547
20000,LazySelect,99484
20000,QuickSelect,66179
20000,LazySelect,86335
20000,QuickSelect,44342
20000,LazySelect,82192
20000,QuickSelect,77335
20000,LazySelect,95742
20000,QuickSelect,55186
20000,LazySelect,103688
20000,QuickSelect,28126
20000,LazySelect,87246
20000,QuickSelect,31181
20000,LazySelect,83428
20000,QuickSelect,79443
20000,LazySelect,96422
20000,QuickSelect,70264
20000,LazySelect,92120
20000,QuickSelect,50515
20000,LazySelect,89594
20000,QuickSelect,62859
20000,LazySelect,102987
20000,QuickSelect,71910
20000,LazySelect,92933
20000,QuickSelect,83857
20000,LazySelect,89899
20000,QuickSelect,81586
20000,LazySelect,101777
20000,QuickSelect,84370
20000,LazySelect,82600
20000,QuickSelect,35768
20000,LazySelect,97228
20000,QuickSelect,66159
20000,LazySelect,92654
20000,QuickSelect,79050
20000,LazySelect,90784
20000,QuickSelect,88852
20000,LazySelect,87070
20000,QuickSelect,53688
20000,LazySelect,91456
20000,QuickSelect,90464
20000,LazySelect,83720
20000,QuickSelect,86620
20000,LazySelect,89239
20000,QuickSelect,56624
20000,LazySelect,91667
20000,QuickSelect,110857
20000,LazySelect,87542
20000,QuickSelect,55706
20000,LazySelect,90944
25000,QuickSelect,116827
25000,LazySelect,117948
25000,QuickSelect,74196
25000,LazySelect,84985
25000,QuickSelect,93909
25000,LazySelect,106590
25000,QuickSelect,51987
25000,LazySelect,120932
25000,QuickSelect,153987
25000,LazySelect,117611
25000,QuickSelect,102738
25000,LazySelect,116006
25000,QuickSelect,79025
25000,LazySelect,120829
25000,QuickSelect,52068
25000,LazySelect,110962
25000,QuickSelect,108371
25000,LazySelect,105433
25000,QuickSelect,74975
25000,LazySelect,111686
25000,QuickSelect,75516
25000,LazySelect,110888
25000,QuickSelect,86688
25000,LazySelect,108728
25000,QuickSelect,34316
25000,LazySelect,102852
25000,QuickSelect,44495
25000,LazySelect,122005
25000,QuickSelect,114510
25000,LazySelect,116397
25000,QuickSelect,65995
25000,LazySelect,110049
25000,QuickSelect,55168
25000,LazySelect,107100
25000,QuickSelect,40171
25000,LazySelect,111566
25000,QuickSelect,109669
25000,LazySelect,110119
25000,QuickSelect,87384
25000,LazySelect,121754
25000,QuickSelect,108087
25000,LazySelect,103437
25000,QuickSelect,106885
25000,LazySelect,115770
25000,QuickSelect,70302
25000,LazySelect,99744
25000,QuickSelect,77562
25000,LazySelect,125244
25000,QuickSelect,65303
25000,LazySelect,105229
25000,QuickSelect,43830
25000,LazySelect,100463
25000,QuickSelect,81609
25000,LazySelect,114634
25000,QuickSelect,102668
25000,LazySelect,121818
25000,QuickSelect,86648
25000,LazySelect,122240
25000,QuickSelect,80265
25000,LazySelect,124005
25000,QuickSelect,68246
25000,LazySelect,115395
25000,QuickSelect,45383
25000,LazySelect,121228
25000,QuickSelect,64728
25000,LazySelect,90561
25000,QuickSelect,77908
25000,LazySelect,104382
25000,QuickSelect,131918
25000,LazySelect,114374
25000,QuickSelect,68527
25000,LazySelect,106466
25000,QuickSelect,97335
25000,LazySelect,114031
25000,QuickSelect,77312
25000,LazySelect,121913
25000,QuickSelect,116301
25000,LazySelect,108228
25000,QuickSelect,79678
25000,LazySelect,109427
25000,QuickSelect,54265
25000,LazySelect,107683
25000,QuickSelect,78431
25000,LazySelect,117509
25000,QuickSelect,64131
25000,LazySelect,116690
25000,QuickSelect,89343
25000,LazySelect,128273
25000,QuickSelect,89555
25000,LazySelect,118500
25000,QuickSelect,41904
25000,LazySelect,115850
25000,QuickSelect,73287
25000,LazySelect,114897
25000,QuickSelect,111268
25000,LazySelect,114100
25000,QuickSelect,116678
25000,LazySelect,108643
25000,QuickSelect,46210
25000,LazySelect,80616
25000,QuickSelect,83097
25000,LazySelect,128025
25000,QuickSelect,39285
25000,LazySelect,80211
25000,QuickSelect,166219
25000,LazySelect,112962
25000,QuickSelect,51131
25000,LazySelect,114822
25000,QuickSelect,72805
25000,LazySelect,124598
25000,QuickSelect,56191
25000,LazySelect,89117
25000,QuickSelect,68187
25000,LazySelect,115081
25000,QuickSelect,82712
25000,LazySelect,113521
25000,QuickSelect,98033
25000,LazySelect,117914
25000,QuickSelect,57090
25000,LazySelect,113642
25000,QuickSelect,49971
25000,LazySelect,110130
25000,QuickSelect,44068
25000,LazySelect,100084
25000,QuickSelect,152451
25000,LazySelect,124257
25000,QuickSelect,72268
25000,LazySelect,121395
25000,QuickSelect,87728
25000,LazySelect,105093
25000,QuickSelect,67745
25000,LazySelect,105364
25000,QuickSelect,138579
25000,LazySelect,106398
25000,QuickSelect,102327
25000,LazySelect,114839
25000,QuickSelect,158024
25000,LazySelect,117918
25000,QuickSelect,43623
25000,LazySelect,120287
25000,QuickSelect,85300
25000,LazySelect,114318
25000,QuickSelect,77668
25000,LazySelect,109404
25000,QuickSelect,64160
25000,LazySelect,114816
25000,QuickSelect,62180
25000,LazySelect,104324
25000,QuickSelect,71034
25000,LazySelect,123553
25000,QuickSelect,72242
25000,LazySelect,114404
25000,QuickSelect,98920
25000,LazySelect,127163
25000,QuickSelect,58793
25000,LazySelect,113933
25000,QuickSelect,55975
25000,LazySelect,79521
25000,QuickSelect,58381
25000,LazySelect,111055
25000,QuickSelect,31748
25000,LazySelect,103768
25000,QuickSelect,73332
25000,LazySelect,118851
25000,QuickSelect,94306
25000,LazySelect,124908
25000,QuickSelect,77688
25000,LazySelect,100348
25000,QuickSelect,87668
25000,LazySelect,111882
25000,QuickSelect,71752
25000,LazySelect,111212
25000,QuickSelect,74245
25000,LazySelect,109650
25000,QuickSelect,92154
25000,LazySelect,91680
25000,QuickSelect,85147
25000,LazySelect,102778
25000,QuickSelect,125895
25000,LazySelect,109308
25000,QuickSelect,58618
25000,LazySelect,105645
25000,QuickSelect,46547
25000,LazySelect,122039
25000,QuickSelect,74186
25000,LazySelect,110134
25000,QuickSelect,121580
25000,LazySelect,115325
25000,QuickSelect,65168
25000,LazySelect,105716
25000,QuickSelect,33296
25000,LazySelect,105297
25000,QuickSelect,34953
25000,LazySelect,123510
25000,QuickSelect,129007
25000,LazySelect,113791
25000,QuickSelect,98417
25000,LazySelect,104986
25000,QuickSelect,113927
25000,LazySelect,120349
30000,QuickSelect,94444
30000,LazySelect,138167
30000,QuickSelect,106735
30000,LazySelect,121392
30000,QuickSelect,154752
30000,LazySelect,135252
30000,QuickSelect,66235
30000,LazySelect,146714
30000,QuickSelect,72242
30000,LazySelect,137294
30000,QuickSelect,111393
30000,LazySelect,150510
30000,QuickSelect,130152
30000,LazySelect,149519
30000,QuickSelect,88612
30000,LazySelect,103018
30000,QuickSelect,134575
30000,LazySelect,135994
30000,QuickSelect,108205
30000,LazySelect,129764
30000,QuickSelect,57766
30000,LazySelect,128897
30000,QuickSelect,63873
30000,LazySelect,134873
30000,QuickSelect,107479
30000,LazySelect,123021
30000,QuickSelect,149478
30000,LazySelect,129447
30000,QuickSelect,58824
30000,LazySelect,132150
30000,QuickSelect,120328
30000,LazySelect,135562
30000,QuickSelect,74529
30000,LazySelect,122805
30000,QuickSelect,70076
30000,LazySelect,136241
30000,QuickSelect,128148
30000,LazySelect,137133
30000,QuickSelect,114744
30000,LazySelect,135868
30000,QuickSelect,142460
30000,LazySelect,141000
30000,QuickSelect,43588
30000,LazySelect,124430
30000,QuickSelect,93952
30000,LazySelect,145531
30000,QuickSelect,126636
30000,LazySelect,145843
30000,QuickSelect,91115
30000,LazySelect,140388
30000,QuickSelect,147227
30000,LazySelect,130714
30000,QuickSelect,89528
30000,LazySelect,130076
30000,QuickSelect,158660
30000,LazySelect,140594
30000,QuickSelect,131154
30000,LazySelect,130866
30000,QuickSelect,77778
30000,LazySelect,134070
30000,QuickSelect,55132
30000,LazySelect,146840
30000,QuickSelect,77802
30000,LazySelect,140381
30000,QuickSelect,132055
30000,LazySelect,136761
30000,QuickSelect,56749
30000,LazySelect,137658
30000,QuickSelect,93226
30000,LazySelect,149172
30000,QuickSelect,108801
30000,LazySelect,138005
30000,QuickSelect,87761
30000,LazySelect,127647
30000,QuickSelect,47796
30000,LazySelect,124165
30000,QuickSelect,129646
30000,LazySelect,132702
30000,QuickSelect,60483
30000,LazySelect,137660
30000,QuickSelect,83559
30000,LazySelect,120774
30000,QuickSelect,69976
30000,LazySelect,144564
30000,QuickSelect,146639
30000,LazySelect,133203
30000,QuickSelect,96121
30000,LazySelect,132857
30000,QuickSelect,53329
30000,LazySelect,122831
30000,QuickSelect,102140
30000,LazySelect,130612
30000,QuickSelect,112143
30000,LazySelect,119787
30000,QuickSelect,169756
30000,LazySelect,136470
30000,QuickSelect,60982
30000,LazySelect,98667
30000,QuickSelect,76333
30000,LazySelect,87714
30000,QuickSelect,83332
30000,LazySelect,131989
30000,QuickSelect,61400
30000,LazySelect,116020
30000,QuickSelect,95787
30000,LazySelect,137730
30000,QuickSelect,94516
30000,LazySelect,125824
30000,QuickSelect,137346
30000,LazySelect,141875
30000,QuickSelect,89963
30000,LazySelect,130476
30000,QuickSelect,71750
30000,LazySelect,134128
30000,QuickSelect,54236
30000,LazySelect,138189
30000,QuickSelect,48962
30000,LazySelect,93845
30000,QuickSelect,63490
30000,LazySelect,129322
30000,QuickSelect,84127
30000,LazySelect,138560
30000,QuickSelect,72042
30000,LazySelect,137442
30000,QuickSelect,98181
30000,LazySelect,138848
30000,QuickSelect,104639
30000,LazySelect,138999
30000,QuickSelect,115613
30000,LazySelect,125432
30000,QuickSelect,170894
30000,LazySelect,136694
30000,QuickSelect,67565
30000,LazySelect,105374
30000,QuickSelect,77566
30000,LazySelect,130817
30000,QuickSelect,32565
30000,LazySelect,91806
30000,QuickSelect,88590
30000,LazySelect,138441
30000,QuickSelect,114912
30000,LazySelect,136121
30000,QuickSelect,56094
30000,LazySelect,136537
30000,QuickSelect,88854
30000,LazySelect,105993
30000,QuickSelect,98253
30000,LazySelect,139573
30000,QuickSelect,89258
30000,LazySelect,130953
30000,QuickSelect,124692
30000,LazySelect,129345
30000,QuickSelect,69168
30000,LazySelect,137513
30000,QuickSelect,106908
30000,LazySelect,135587
30000,QuickSelect,100223
30000,LazySelect,144297
30000,QuickSelect,87424
30000,LazySelect,129534
30000,QuickSelect,128889
30000,LazySelect,128477
30000,QuickSelect,98042
30000,LazySelect,139954
30000,QuickSelect,40793
30000,LazySelect,145305
30000,QuickSelect,120440
30000,LazySelect,139575
30000,QuickSelect,223876
30000,LazySelect,135766
30000,QuickSelect,67997
30000,LazySelect,144279
30000,QuickSelect,55190
30000,LazySelect,93268
30000,QuickSelect,117974
30000,LazySelect,131943
30000,QuickSelect,109927
30000,LazySelect,112879
30000,QuickSelect,108298
30000,LazySelect,147124
30000,QuickSelect,90118
30000,LazySelect,141068
30000,QuickSelect,133487
30000,LazySelect,140052
30000,QuickSelect,120264
30000,LazySelect,137220
30000,QuickSelect,101477
30000,LazySelect,137913
30000,QuickSelect,103348
30000,LazySelect,136871
30000,QuickSelect,126718
30000,LazySelect,128499
30000,QuickSelect,125751
30000,LazySelect,123767
30000,QuickSelect,53779
30000,LazySelect,130428
30000,QuickSelect,92278
30000,LazySelect,135580
30000,QuickSelect,129406
30000,LazySelect,134937
35000,QuickSelect,71395
35000,LazySelect,146616
35000,QuickSelect,84193
35000,LazySelect,159473
35000,QuickSelect,114394
35000,LazySelect,148558
35000,QuickSelect,99397
35000,LazySelect,154615
35000,QuickSelect,114845
35000,LazySelect,153717
35000,QuickSelect,56217
35000,LazySelect,169173
35000,QuickSelect,129216
35000,LazySelect,160930
35000,QuickSelect,165177
35000,LazySelect,157496
35000,QuickSelect,91595
35000,LazySelect,153200
35000,QuickSelect,191409
35000,LazySelect,150405
35000,QuickSelect,73323
35000,LazySelect,103309
35000,QuickSelect,118804
35000,LazySelect,138484
35000,QuickSelect,157702
35000,LazySelect,142160
35000,QuickSelect,140856
35000,LazySelect,151258
35000,QuickSelect,104080
35000,LazySelect,141738
35000,QuickSelect,98694
35000,LazySelect,166825
35000,QuickSelect,68351
35000,LazySelect,144972
35000,QuickSelect,83443
35000,LazySelect,157120
35000,QuickSelect,115320
35000,LazySelect,150755
35000,QuickSelect,158780
35000,LazySelect,163347
35000,QuickSelect,114888
35000,LazySelect,141434
35000,QuickSelect,92196
35000,LazySelect,157001
35000,QuickSelect,136092
35000,LazySelect,172680
35000,QuickSelect,156359
35000,LazySelect,159610
35000,QuickSelect,64109
35000,LazySelect,149657
35000,QuickSelect,107270
35000,LazySelect,162894
35000,QuickSelect,84812
35000,LazySelect,165826
35000,QuickSelect,124822
35000,LazySelect,137170
35000,QuickSelect,59541
35000,LazySelect,164731
35000,QuickSelect,86931
35000,LazySelect,166926
35000,QuickSelect,88808
35000,LazySelect,157114
35000,QuickSelect,155251
35000,LazySelect,143696
35000,QuickSelect,55446
35000,LazySelect,142232
35000,QuickSelect,100060
35000,LazySelect,163459
35000,QuickSelect,154337
35000,LazySelect,163868
35000,QuickSelect,157826
35000,LazySelect,156092
35000,QuickSelect,115991
35000,LazySelect,157792
35000,QuickSelect,169247
35000,LazySelect,148458
35000,QuickSelect,52577
35000,LazySelect,172618
35000,QuickSelect,125727
35000,LazySelect,161304
35000,QuickSelect,128840
35000,LazySelect,156678
35000,QuickSelect,92514
35000,LazySelect,166575
35000,QuickSelect,150310
35000,LazySelect,161744
35000,QuickSelect,73081
35000,LazySelect,164752
35000,QuickSelect,77563
35000,LazySelect,147694
35000,QuickSelect,60966
35000,LazySelect,128859
35000,QuickSelect,74926
35000,LazySelect,161418
35000,QuickSelect,100955
35000,LazySelect,156283
35000,QuickSelect,110901
35000,LazySelect,154213
35000,QuickSelect,81242
35000,LazySelect,157735
35000,QuickSelect,83281
35000,LazySelect,146594
35000,QuickSelect,113748
35000,LazySelect,138874
35000,QuickSelect,51003
35000,LazySelect,156958
35000,QuickSelect,113189
35000,LazySelect,158787
35000,QuickSelect,88253
35000,LazySelect,142237
35000,QuickSelect,115442
35000,LazySelect,158978
35000,QuickSelect,120028
35000,LazySelect,158592
35000,QuickSelect,153532
35000,LazySelect,163668
35000,QuickSelect,169971
35000,LazySelect,155587
35000,QuickSelect,194659
35000,LazySelect,158455
35000,QuickSelect,84149
35000,LazySelect,169175
35000,QuickSelect,111823
35000,LazySelect,160165
35000,QuickSelect,101508
35000,LazySelect,168047
35000,QuickSelect,120349
35000,LazySelect,152788
35000,QuickSelect,93801
35000,LazySelect,154936
35000,QuickSelect,134400
35000,LazySelect,145573
35000,QuickSelect,160421
35000,LazySelect,164730
35000,QuickSelect,106183
35000,LazySelect,146481
35000,QuickSelect,79159
35000,LazySelect,105597
35000,QuickSelect,92914
35000,LazySelect,157928
35000,QuickSelect,96023
35000,LazySelect,167842
35000,QuickSelect,72116
35000,LazySelect,160006
35000,QuickSelect,129372
35000,LazySelect,149706
35000,QuickSelect,92611
35000,LazySelect,140102
35000,QuickSelect,65368
35000,LazySelect,116290
35000,QuickSelect,107898
35000,LazySelect,150132
35000,QuickSelect,68593
35000,LazySelect,136492
35000,QuickSelect,71391
35000,LazySelect,142863
35000,QuickSelect,118134
35000,LazySelect,155833
35000,QuickSelect,98530
35000,LazySelect,159208
35000,QuickSelect,81896
35000,LazySelect,159211
35000,QuickSelect,72706
35000,LazySelect,162615
35000,QuickSelect,108895
35000,LazySelect,167918
35000,QuickSelect,153412
35000,LazySelect,155020
35000,QuickSelect,109466
35000,LazySelect,160004
35000,QuickSelect,111736
35000,LazySelect,163424
35000,QuickSelect,71953
35000,LazySelect,155223
35000,QuickSelect,159777
35000,LazySelect,142199
35000,QuickSelect,126746
35000,LazySelect,174181
35000,QuickSelect,133158
35000,LazySelect,160156
35000,QuickSelect,88261
35000,LazySelect,117797
35000,QuickSelect,126093
35000,LazySelect,139734
35000,QuickSelect,96574
35000,LazySelect,153789
35000,QuickSelect,119264
35000,LazySelect,161217
35000,QuickSelect,64052
35000,LazySelect,148655
35000,QuickSelect,114080
35000,LazySelect,157925
35000,QuickSelect,73093
35000,LazySelect,157700
35000,QuickSelect,117843
35000,LazySelect,140805
35000,QuickSelect,110751
35000,LazySelect,162578
35000,QuickSelect,96185
35000,LazySelect,156296
40000,QuickSelect,159834
40000,LazySelect,165943
40000,QuickSelect,124671
40000,LazySelect,184983
40000,QuickSelect,84055
40000,LazySelect,159141
40000,QuickSelect,129528
40000,LazySelect,177404
40000,QuickSelect,122799
40000,LazySelect,178306
40000,QuickSelect,86689
40000,LazySelect,156766
40000,QuickSelect,160857
40000,LazySelect,182197
40000,QuickSelect,60120
40000,LazySelect,141932
40000,QuickSelect,112352
40000,LazySelect,181676
40000,QuickSelect,137887
40000,LazySelect,191076
40000,QuickSelect,94919
40000,LazySelect,185924
40000,QuickSelect,100768
40000,LazySelect,160329
40000,QuickSelect,81070
40000,LazySelect,166545
40000,QuickSelect,127062
40000,LazySelect,175677
40000,QuickSelect,101539
40000,LazySelect,165920
40000,QuickSelect,83482
40000,LazySelect,162394
40000,QuickSelect,108187
40000,LazySelect,186742
40000,QuickSelect,95023
40000,LazySelect,163350
40000,QuickSelect,159955
40000,LazySelect,165194
40000,QuickSelect,87685
40000,LazySelect,191280
40000,QuickSelect,103843
40000,LazySelect,170254
40000,QuickSelect,130902
40000,LazySelect,150222
40000,QuickSelect,176252
40000,LazySelect,191956
40000,QuickSelect,122261
40000,LazySelect,173408
40000,QuickSelect,172613
40000,LazySelect,174053
40000,QuickSelect,172681
40000,LazySelect,176748
40000,QuickSelect,159389
40000,LazySelect,155307
40000,QuickSelect,136739
40000,LazySelect,183237
40000,QuickSelect,125018
40000,LazySelect,190430
40000,QuickSelect,159635
40000,LazySelect,187324
40000,QuickSelect,116555
40000,LazySelect,191183
40000,QuickSelect,165247
40000,LazySelect,187028
40000,QuickSelect,76595
40000,LazySelect,141897
40000,QuickSelect,131187
40000,LazySelect,176162
40000,QuickSelect,127239
40000,LazySelect,164943
40000,QuickSelect,97661
40000,LazySelect,172572
40000,QuickSelect,134871
40000,LazySelect,173251
40000,QuickSelect,104494
40000,LazySelect,168453
40000,QuickSelect,113606
40000,LazySelect,163158
40000,QuickSelect,82278
40000,LazySelect,152021
40000,QuickSelect,115618
40000,LazySelect,191322
40000,QuickSelect,118169
40000,LazySelect,189818
40000,QuickSelect,62573
40000,LazySelect,179422
40000,QuickSelect,143889
40000,LazySelect,153834
40000,QuickSelect,83543
40000,LazySelect,188903
40000,QuickSelect,107091
40000,LazySelect,175393
40000,QuickSelect,102287
40000,LazySelect,192056
40000,QuickSelect,188987
40000,LazySelect,169900
40000,QuickSelect,112371
40000,LazySelect,125023
40000,QuickSelect,98780
40000,LazySelect,174882
40000,QuickSelect,129740
40000,LazySelect,160526
40000,QuickSelect,77876
40000,LazySelect,186974
40000,QuickSelect,52525
40000,LazySelect,161931
40000,QuickSelect,142099
40000,LazySelect,154512
40000,QuickSelect,183555
40000,LazySelect,171015
40000,QuickSelect,102131
40000,LazySelect,181444
40000,QuickSelect,121322
40000,LazySelect,161808
40000,QuickSelect,115980
40000,LazySelect,156742
40000,QuickSelect,82161
40000,LazySelect,189447
40000,QuickSelect,47006
40000,LazySelect,123932
40000,QuickSelect,177811
40000,LazySelect,169402
40000,QuickSelect,166141
40000,LazySelect,182712
40000,QuickSelect,86883
40000,LazySelect,165479
40000,QuickSelect,65330
40000,LazySelect,189490
40000,QuickSelect,99653
40000,LazySelect,179469
40000,QuickSelect,143118
40000,LazySelect,167710
40000,QuickSelect,123113
40000,LazySelect,162088
40000,QuickSelect,101972
40000,LazySelect,163218
40000,QuickSelect,160120
40000,LazySelect,159034
40000,QuickSelect,109456
40000,LazySelect,162002
40000,QuickSelect,94210
40000,LazySelect,169918
40000,QuickSelect,142366
40000,LazySelect,183378
40000,QuickSelect,103963
40000,LazySelect,182368
40000,QuickSelect,101981
40000,LazySelect,167209
40000,QuickSelect,144696
40000,LazySelect,166632
40000,QuickSelect,149610
40000,LazySelect,192218
40000,QuickSelect,154503
40000,LazySelect,165060
40000,QuickSelect,257808
40000,LazySelect,181626
40000,QuickSelect,178653
40000,LazySelect,173731
40000,QuickSelect,152554
40000,LazySelect,168379
40000,QuickSelect,82906
40000,LazySelect,179690
40000,QuickSelect,124436
40000,LazySelect,185448
40000,QuickSelect,140981
40000,LazySelect,153773
40000,QuickSelect,83942
40000,LazySelect,168107
40000,QuickSelect,189766
40000,LazySelect,187277
40000,QuickSelect,104083
40000,LazySelect,181545
40000,QuickSelect,133159
40000,LazySelect,161156
40000,QuickSelect,69025
40000,LazySelect,154040
40000,QuickSelect,104804
40000,LazySelect,187882
40000,QuickSelect,92668
40000,LazySelect,172152
40000,QuickSelect,82367
40000,LazySelect,156192
40000,QuickSelect,117648
40000,LazySelect,170624
40000,QuickSelect,199713
40000,LazySelect,189907
40000,QuickSelect,105599
40000,LazySelect,174848
40000,QuickSelect,88064
40000,LazySelect,168175
40000,QuickSelect,70807
40000,LazySelect,176975
40000,QuickSelect,78625
40000,LazySelect,177725
40000,QuickSelect,93265
40000,LazySelect,187869
40000,QuickSelect,185926
40000,LazySelect,154232
40000,QuickSelect,90126
40000,LazySelect,176673
45000,QuickSelect,133512
45000,LazySelect,173668
45000,QuickSelect,181695
45000,LazySelect,182244
45000,QuickSelect,211768
45000,LazySelect,190446
45000,QuickSelect,67692
45000,LazySelect,208656
45000,QuickSelect,150864
45000,LazySelect,191366
45000,QuickSelect,68938
45000,LazySelect,209830
45000,QuickSelect,121127
45000,LazySelect,202344
45000,QuickSelect,245467
45000,LazySelect,191518
45000,QuickSelect,124412
45000,LazySelect,201931
45000,QuickSelect,90573
45000,LazySelect,204230
45000,QuickSelect,121427
45000,LazySelect,169355
45000,QuickSelect,100098
45000,LazySelect,193704
45000,QuickSelect,171203
45000,LazySelect,181720
45000,QuickSelect,48862
45000,LazySelect,133570
45000,QuickSelect,76306
45000,LazySelect,206612
45000,QuickSelect,245861
45000,LazySelect,184469
45000,QuickSelect,142593
45000,LazySelect,205975
45000,QuickSelect,62561
45000,LazySelect,142451
45000,QuickSelect,129162
45000,LazySelect,206561
45000,QuickSelect,180540
45000,LazySelect,191695
45000,QuickSelect,205062
45000,LazySelect,205242
45000,QuickSelect,137295
45000,LazySelect,205411
45000,QuickSelect,136317
45000,LazySelect,188490
45000,QuickSelect,92299
45000,LazySelect,177223
45000,QuickSelect,156316
45000,LazySelect,177577
45000,QuickSelect,122142
45000,LazySelect,161148
45000,QuickSelect,86257
45000,LazySelect,179120
45000,QuickSelect,115169
45000,LazySelect,186826
45000,QuickSelect,191243
45000,LazySelect,196234
45000,QuickSelect,112969
45000,LazySelect,199712
45000,QuickSelect,193360
45000,LazySelect,186615
45000,QuickSelect,134765
45000,LazySelect,187047
45000,QuickSelect,145459
45000,LazySelect,178881
45000,QuickSelect,64672
45000,LazySelect,169934
45000,QuickSelect,63646
45000,LazySelect,184378
45000,QuickSelect,168582
45000,LazySelect,198552
45000,QuickSelect,84679
45000,LazySelect,179203
45000,QuickSelect,119167
45000,LazySelect,148856
45000,QuickSelect,192839
45000,LazySelect,163670
45000,QuickSelect,188030
45000,LazySelect,189294
45000,QuickSelect,87221
45000,LazySelect,189475
45000,QuickSelect,138637
45000,LazySelect,205748
45000,QuickSelect,128748
45000,LazySelect,172354
45000,QuickSelect,80750
45000,LazySelect,204287
45000,QuickSelect,161283
45000,LazySelect,183589
45000,QuickSelect,64192
45000,LazySelect,195191
45000,QuickSelect,92207
45000,LazySelect,169722
45000,QuickSelect,156283
45000,LazySelect,174335
45000,QuickSelect,81878
45000,LazySelect,186518
45000,QuickSelect,229091
45000,LazySelect,195152
45000,QuickSelect,152357
45000,LazySelect,168294
45000,QuickSelect,127869
45000,LazySelect,179129
45000,QuickSelect,176632
45000,LazySelect,178137
45000,QuickSelect,153808
45000,LazySelect,194513
45000,QuickSelect,134291
45000,LazySelect,208245
45000,QuickSelect,104254
45000,LazySelect,196839
45000,QuickSelect,141905
45000,LazySelect,179959
45000,QuickSelect,224996
45000,LazySelect,177266
45000,QuickSelect,124087
45000,LazySelect,199382
45000,QuickSelect,91013
45000,LazySelect,155725
45000,QuickSelect,136339
45000,LazySelect,203105
45000,QuickSelect,86899
45000,LazySelect,175516
45000,QuickSelect,84834
45000,LazySelect,155942
45000,QuickSelect,118098
45000,LazySelect,186397
45000,QuickSelect,57902
45000,LazySelect,179528
45000,QuickSelect,78301
45000,LazySelect,180151
45000,QuickSelect,114075
45000,LazySelect,178485
45000,QuickSelect,187271
45000,LazySelect,170630
45000,QuickSelect,170837
45000,LazySelect,200573
45000,QuickSelect,154410
45000,LazySelect,184454
45000,QuickSelect,88353
45000,LazySelect,187753
45000,QuickSelect,118746
45000,LazySelect,199464
45000,QuickSelect,257262
45000,LazySelect,192875
45000,QuickSelect,141610
45000,LazySelect,190474
45000,QuickSelect,206906
45000,LazySelect,189626
45000,QuickSelect,152541
45000,LazySelect,211973
45000,QuickSelect,124830
45000,LazySelect,203730
45000,QuickSelect,123003
45000,LazySelect,187108
45000,QuickSelect,157978
45000,LazySelect,211614
45000,QuickSelect,112544
45000,LazySelect,197742
45000,QuickSelect,194402
45000,LazySelect,189088
45000,QuickSelect,108280
45000,LazySelect,204109
45000,QuickSelect,138528
45000,LazySelect,179386
45000,QuickSelect,76282
45000,LazySelect,147674
45000,QuickSelect,168039
45000,LazySelect,121435
45000,QuickSelect,123431
45000,LazySelect,190765
45000,QuickSelect,195975
45000,LazySelect,197786
45000,QuickSelect,191638
45000,LazySelect,203647
45000,QuickSelect,67797
45000,LazySelect,213547
45000,QuickSelect,110102
45000,LazySelect,208053
45000,QuickSelect,113702
45000,LazySelect,173125
45000,QuickSelect,138633
45000,LazySelect,190664
45000,QuickSelect,133528
45000,LazySelect,211330
45000,QuickSelect,131673
45000,LazySelect,190059
45000,QuickSelect,151007
45000,LazySelect,188358
45000,QuickSelect,126810
45000,LazySelect,186176
45000,QuickSelect,109379
45000,LazySelect,177825
45000,QuickSelect,86108
45000,LazySelect,214898
45000,QuickSelect,167415
45000,LazySelect,175070
45000,QuickSelect,91147
45000,LazySelect,165504
50000,QuickSelect,216592
50000,LazySelect,212216
50000,QuickSelect,139321
50000,LazySelect,191741
50000,QuickSelect,195812
50000,LazySelect,214808
50000,QuickSelect,142923
50000,LazySelect,219619
50000,QuickSelect,119696
50000,LazySelect,211309
50000,QuickSelect,112847
50000,LazySelect,219384
50000,QuickSelect,196623
50000,LazySelect,217701
50000,QuickSelect,194239
50000,LazySelect,217592
50000,QuickSelect,135818
50000,LazySelect,214112
50000,QuickSelect,137817
50000,LazySelect,194561
50000,QuickSelect,166327
50000,LazySelect,203248
50000,QuickSelect,95040
50000,LazySelect,216722
50000,QuickSelect,158193
50000,LazySelect,200047
50000,QuickSelect,170761
50000,LazySelect,194065
50000,QuickSelect,156928
50000,LazySelect,191149
50000,QuickSelect,213632
50000,LazySelect,210580
50000,QuickSelect,126360
50000,LazySelect,190670
50000,QuickSelect,122129
50000,LazySelect,226937
50000,QuickSelect,168540
50000,LazySelect,214071
50000,QuickSelect,196922
50000,LazySelect,209682
50000,QuickSelect,188618
50000,LazySelect,219012
50000,QuickSelect,200032
50000,LazySelect,197854
50000,QuickSelect,217981
50000,LazySelect,224206
50000,QuickSelect,110245
50000,LazySelect,192452
50000,QuickSelect,71077
50000,LazySelect,192818
50000,QuickSelect,238819
50000,LazySelect,218149
50000,QuickSelect,136564
50000,LazySelect,185644
50000,QuickSelect,111093
50000,LazySelect,220590
50000,QuickSelect,169112
50000,LazySelect,201416
50000,QuickSelect,171462
50000,LazySelect,217659
50000,QuickSelect,211863
50000,LazySelect,187963
50000,QuickSelect,177598
50000,LazySelect,192299
50000,QuickSelect,132726
50000,LazySelect,190920
50000,QuickSelect,157922
50000,LazySelect,221245
50000,QuickSelect,176487
50000,LazySelect,201556
50000,QuickSelect,144194
50000,LazySelect,211762
50000,QuickSelect,95745
50000,LazySelect,221906
50000,QuickSelect,163656
50000,LazySelect,193544
50000,QuickSelect,184136
50000,LazySelect,205017
50000,QuickSelect,76044
50000,LazySelect,219450
50000,QuickSelect,84781
50000,LazySelect,191777
50000,QuickSelect,155929
50000,LazySelect,200501
50000,QuickSelect,213738
50000,LazySelect,221022
50000,QuickSelect,89702
50000,LazySelect,208310
50000,QuickSelect,169152
50000,LazySelect,190064
50000,QuickSelect,114230
50000,LazySelect,214882
50000,QuickSelect,291043
50000,LazySelect,218783
50000,QuickSelect,153478
50000,LazySelect,189263
50000,QuickSelect,142813
50000,LazySelect,215890
50000,QuickSelect,115477
50000,LazySelect,228830
50000,QuickSelect,122554
50000,LazySelect,224285
50000,QuickSelect,145539
50000,LazySelect,200812
50000,QuickSelect,90724
50000,LazySelect,229859
50000,QuickSelect,142277
50000,LazySelect,210907
50000,QuickSelect,133818
50000,LazySelect,185620
50000,QuickSelect,151246
50000,LazySelect,214737
50000,QuickSelect,92292
50000,LazySelect,199141
50000,QuickSelect,174128
50000,LazySelect,213986
50000,QuickSelect,156268
50000,LazySelect,232750
50000,QuickSelect,170455
50000,LazySelect,187501
50000,QuickSelect,123067
50000,LazySelect,221576
50000,QuickSelect,152148
50000,LazySelect,201124
50000,QuickSelect,91565
50000,LazySelect,234506
50000,QuickSelect,92858
50000,LazySelect,143948
50000,QuickSelect,161755
50000,LazySelect,226998
50000,QuickSelect,92149
50000,LazySelect,164485
50000,QuickSelect,153041
50000,LazySelect,221675
50000,QuickSelect,167099
50000,LazySelect,216580
50000,QuickSelect,62638
50000,LazySelect,187394
50000,QuickSelect,175316
50000,LazySelect,231516
50000,QuickSelect,68178
50000,LazySelect,160573
50000,QuickSelect,258186
50000,LazySelect,196686
50000,QuickSelect,173496
50000,LazySelect,189308
50000,QuickSelect,186597
50000,LazySelect,198454
50000,QuickSelect,99390
50000,LazySelect,200489
50000,QuickSelect,145943
50000,LazySelect,196396
50000,QuickSelect,74355
50000,LazySelect,227120
50000,QuickSelect,146872
50000,LazySelect,220828
50000,QuickSelect,299956
50000,LazySelect,213495
50000,QuickSelect,85865
50000,LazySelect,189998
50000,QuickSelect,158932
50000,LazySelect,209640
50000,QuickSelect,161251
50000,LazySelect,205131
50000,QuickSelect,157995
50000,LazySelect,220391
50000,QuickSelect,128200
50000,LazySelect,177749
50000,QuickSelect,135340
50000,LazySelect,196134
50000,QuickSelect,144499
50000,LazySelect,204480
50000,QuickSelect,122632
50000,LazySelect,198282
50000,QuickSelect,111220
50000,LazySelect,224218
50000,QuickSelect,96957
50000,LazySelect,217742
50000,QuickSelect,115365
50000,LazySelect,216825
50000,QuickSelect,199522
50000,LazySelect,209996
50000,QuickSelect,141117
50000,LazySelect,194738
50000,QuickSelect,210704
50000,LazySelect,199829
50000,QuickSelect,101912
50000,LazySelect,200843
50000,QuickSelect,111482
50000,LazySelect,180705
50000,QuickSelect,89399
50000,LazySelect,226219
50000,QuickSelect,142544
50000,LazySelect,210710
50000,QuickSelect,303966
50000,LazySelect,200309
50000,QuickSelect,142524
50000,LazySelect,198110
50000,QuickSelect,120724
50000,LazySelect,202014
55000,QuickSelect,281116
55000,LazySelect,217346
55000,QuickSelect,126901
55000,LazySelect,235921
55000,QuickSelect,87361
55000,LazySelect,207834
55000,QuickSelect,131188
55000,LazySelect,219998
55000,QuickSelect,62219
55000,LazySelect,162304
55000,QuickSelect,249961
55000,LazySelect,216035
55000,QuickSelect,228736
55000,LazySelect,250613
55000,QuickSelect,235346
55000,LazySelect,244847
55000,QuickSelect,189427
55000,LazySelect,231013
55000,QuickSelect,153413
55000,LazySelect,251634
55000,QuickSelect,333139
55000,LazySelect,224120
55000,QuickSelect,176146
55000,LazySelect,219065
55000,QuickSelect,105401
55000,LazySelect,239378
55000,QuickSelect,218942
55000,LazySelect,242406
55000,QuickSelect,136141
55000,LazySelect,238507
55000,QuickSelect,79983
55000,LazySelect,246959
55000,QuickSelect,207671
55000,LazySelect,217383
55000,QuickSelect,86914
55000,LazySelect,171988
55000,QuickSelect,62656
55000,LazySelect,209288
55000,QuickSelect,178317
55000,LazySelect,243554
55000,QuickSelect,191850
55000,LazySelect,213954
55000,QuickSelect,230402
55000,LazySelect,217432
55000,QuickSelect,100204
55000,LazySelect,248793
55000,QuickSelect,188475
55000,LazySelect,219017
55000,QuickSelect,250158
55000,LazySelect,231062
55000,QuickSelect,189238
55000,LazySelect,249981
55000,QuickSelect,111322
55000,LazySelect,217023
55000,QuickSelect,79893
55000,LazySelect,243322
55000,QuickSelect,153083
55000,LazySelect,225941
55000,QuickSelect,96978
55000,LazySelect,225913
55000,QuickSelect,122690
55000,LazySelect,215341
55000,QuickSelect,206936
55000,LazySelect,224723
55000,QuickSelect,233681
55000,LazySelect,216017
55000,QuickSelect,231967
55000,LazySelect,217388
55000,QuickSelect,186606
55000,LazySelect,230663
55000,QuickSelect,150700
55000,LazySelect,233291
55000,QuickSelect,179169
55000,LazySelect,250161
55000,QuickSelect,92704
55000,LazySelect,235719
55000,QuickSelect,127991
55000,LazySelect,256549
55000,QuickSelect,113621
55000,LazySelect,240781
55000,QuickSelect,166164
55000,LazySelect,226148
55000,QuickSelect,202672
55000,LazySelect,230276
55000,QuickSelect,245025
55000,LazySelect,226003
55000,QuickSelect,132811
55000,LazySelect,159612
55000,QuickSelect,120485
55000,LazySelect,212385
55000,QuickSelect,231605
55000,LazySelect,212509
55000,QuickSelect,170868
55000,LazySelect,205288
55000,QuickSelect,183681
55000,LazySelect,255652
55000,QuickSelect,184201
55000,LazySelect,229410
55000,QuickSelect,162912
55000,LazySelect,217178
55000,QuickSelect,160692
55000,LazySelect,227656
55000,QuickSelect,101152
55000,LazySelect,195494
55000,QuickSelect,248304
55000,LazySelect,227063
55000,QuickSelect,137408
55000,LazySelect,206775
55000,QuickSelect,161847
55000,LazySelect,205516
55000,QuickSelect,227434
55000,LazySelect,235870
55000,QuickSelect,134383
55000,LazySelect,223478
55000,QuickSelect,223110
55000,LazySelect,209044
55000,QuickSelect,254612
55000,LazySelect,224566
55000,QuickSelect,244375
55000,LazySelect,231058
55000,QuickSelect,118650
55000,LazySelect,210231
55000,QuickSelect,166786
55000,LazySelect,258186
55000,QuickSelect,178929
55000,LazySelect,232310
55000,QuickSelect,280927
55000,LazySelect,225322
55000,QuickSelect,219787
55000,LazySelect,227076
55000,QuickSelect,209350
55000,LazySelect,222456
55000,QuickSelect,81374
55000,LazySelect,242208
55000,QuickSelect,128727
55000,LazySelect,202867
55000,QuickSelect,137683
55000,LazySelect,231336
55000,QuickSelect,106424
55000,LazySelect,234800
55000,QuickSelect,79561
55000,LazySelect,200242
55000,QuickSelect,144033
55000,LazySelect,249871
55000,QuickSelect,172446
55000,LazySelect,216028
55000,QuickSelect,249845
55000,LazySelect,231282
55000,QuickSelect,244544
55000,LazySelect,231348
55000,QuickSelect,161740
55000,LazySelect,207780
55000,QuickSelect,98578
55000,LazySelect,248601
55000,QuickSelect,141041
55000,LazySelect,242336
55000,QuickSelect,197314
55000,LazySelect,250631
55000,QuickSelect,161301
55000,LazySelect,215756
55000,QuickSelect,285058
55000,LazySelect,234779
55000,QuickSelect,145890
55000,LazySelect,245037
55000,QuickSelect,106593
55000,LazySelect,154344
55000,QuickSelect,137495
55000,LazySelect,212084
55000,QuickSelect,140454
55000,LazySelect,235039
55000,QuickSelect,128999
55000,LazySelect,228711
55000,QuickSelect,112891
55000,LazySelect,200558
55000,QuickSelect,143855
55000,LazySelect,159985
55000,QuickSelect,216190
55000,LazySelect,239905
55000,QuickSelect,147893
55000,LazySelect,245790
55000,QuickSelect,228073
55000,LazySelect,245173
55000,QuickSelect,137311
55000,LazySelect,252440
55000,QuickSelect,132136
55000,LazySelect,216385
55000,QuickSelect,248993
55000,LazySelect,232595
55000,QuickSelect,167255
55000,LazySelect,230968
55000,QuickSelect,134002
55000,LazySelect,239590
55000,QuickSelect,287451
55000,LazySelect,231040
55000,QuickSelect,165152
55000,LazySelect,235381
55000,QuickSelect,159343
55000,LazySelect,238196
55000,QuickSelect,116576
55000,LazySelect,241712
60000,QuickSelect,98655
60000,LazySelect,264606
60000,QuickSelect,334137
60000,LazySelect,232502
60000,QuickSelect,102350
60000,LazySelect,239912
60000,QuickSelect,86124
60000,LazySelect,235958
60000,QuickSelect,135138
60000,LazySelect,269608
60000,QuickSelect,89666
60000,LazySelect,208638
60000,QuickSelect,179368
60000,LazySelect,253524
60000,QuickSelect,134680
60000,LazySelect,277467
60000,QuickSelect,110727
60000,LazySelect,264408
60000,QuickSelect,298653
60000,LazySelect,229569
60000,QuickSelect,100400
60000,LazySelect,274213
60000,QuickSelect,159405
60000,LazySelect,235228
60000,QuickSelect,315382
60000,LazySelect,231792
60000,QuickSelect,142910
60000,LazySelect,260551
60000,QuickSelect,356048
60000,LazySelect,263163
60000,QuickSelect,194734
60000,LazySelect,232645
60000,QuickSelect,123582
60000,LazySelect,175456
60000,QuickSelect,228323
60000,LazySelect,239737
60000,QuickSelect,241420
60000,LazySelect,242903
60000,QuickSelect,115136
60000,LazySelect,248373
60000,QuickSelect,176191
60000,LazySelect,258889
60000,QuickSelect,83797
60000,LazySelect,213586
60000,QuickSelect,233118
60000,LazySelect,258009
60000,QuickSelect,155939
60000,LazySelect,227876
60000,QuickSelect,167977
60000,LazySelect,219357
60000,QuickSelect,136136
60000,LazySelect,211260
60000,QuickSelect,195671
60000,LazySelect,263296
60000,QuickSelect,182314
60000,LazySelect,240837
60000,QuickSelect,108942
60000,LazySelect,234813
60000,QuickSelect,208602
60000,LazySelect,244538
60000,QuickSelect,297369
60000,LazySelect,240386
60000,QuickSelect,182308
60000,LazySelect,252980
60000,QuickSelect,146338
60000,LazySelect,194983
60000,QuickSelect,196988
60000,LazySelect,186410
60000,QuickSelect,164704
60000,LazySelect,237093
60000,QuickSelect,110898
60000,LazySelect,278950
60000,QuickSelect,242252
60000,LazySelect,227922
60000,QuickSelect,194473
60000,LazySelect,246894
60000,QuickSelect,303296
60000,LazySelect,252798
60000,QuickSelect,183956
60000,LazySelect,255640
60000,QuickSelect,136258
60000,LazySelect,245777
60000,QuickSelect,270180
60000,LazySelect,234162
60000,QuickSelect,280548
60000,LazySelect,243039
60000,QuickSelect,91738
60000,LazySelect,268333
60000,QuickSelect,208186
60000,LazySelect,236486
60000,QuickSelect,226266
60000,LazySelect,221555
60000,QuickSelect,287508
60000,LazySelect,234394
60000,QuickSelect,171222
60000,LazySelect,227820
60000,QuickSelect,81107
60000,LazySelect,254528
60000,QuickSelect,106488
60000,LazySelect,272921
60000,QuickSelect,216108
60000,LazySelect,247448
60000,QuickSelect,201748
60000,LazySelect,253555
60000,QuickSelect,188174
60000,LazySelect,250229
60000,QuickSelect,200252
60000,LazySelect,249986
60000,QuickSelect,252060
60000,LazySelect,247107
60000,QuickSelect,109617
60000,LazySelect,210041
60000,QuickSelect,74596
60000,LazySelect,266309
60000,QuickSelect,114269
60000,LazySelect,227326
60000,QuickSelect,136296
60000,LazySelect,247279
60000,QuickSelect,261568
60000,LazySelect,253982
60000,QuickSelect,167773
60000,LazySelect,218486
60000,QuickSelect,139851
60000,LazySelect,272261
60000,QuickSelect,194598
60000,LazySelect,240310
60000,QuickSelect,89141
60000,LazySelect,265190
60000,QuickSelect,249789
60000,LazySelect,250183
60000,QuickSelect,189657
60000,LazySelect,262536
60000,QuickSelect,122002
60000,LazySelect,255723
60000,QuickSelect,99899
60000,LazySelect,222722
60000,QuickSelect,264827
60000,LazySelect,244779
60000,QuickSelect,113375
60000,LazySelect,268858
60000,QuickSelect,134726
60000,LazySelect,176613
60000,QuickSelect,136981
60000,LazySelect,236474
60000,QuickSelect,224088
60000,LazySelect,239600
60000,QuickSelect,168780
60000,LazySelect,234846
60000,QuickSelect,176609
60000,LazySelect,252485
60000,QuickSelect,139232
60000,LazySelect,259731
60000,QuickSelect,183777
60000,LazySelect,231189
60000,QuickSelect,189957
60000,LazySelect,267933
60000,QuickSelect,106789
60000,LazySelect,248859
60000,QuickSelect,191070
60000,LazySelect,224239
60000,QuickSelect,179033
60000,LazySelect,266469
60000,QuickSelect,162684
60000,LazySelect,230454
60000,QuickSelect,159401
60000,LazySelect,226660
60000,QuickSelect,119314
60000,LazySelect,173226
60000,QuickSelect,118855
60000,LazySelect,271783
60000,QuickSelect,212143
60000,LazySelect,263688
60000,QuickSelect,135656
60000,LazySelect,260070
60000,QuickSelect,170876
60000,LazySelect,201357
60000,QuickSelect,106362
60000,LazySelect,246030
60000,QuickSelect,286058
60000,LazySelect,235736
60000,QuickSelect,243235
60000,LazySelect,266716
60000,QuickSelect,235275
60000,LazySelect,253330
60000,QuickSelect,134246
60000,LazySelect,209180
60000,QuickSelect,161804
60000,LazySelect,261376
60000,QuickSelect,212673
60000,LazySelect,262626
60000,QuickSelect,197533
60000,LazySelect,256621
60000,QuickSelect,130942
60000,LazySelect,248564
60000,QuickSelect,120314
60000,LazySelect,223694
60000,QuickSelect,199607
60000,LazySelect,229041
60000,QuickSelect,223320
60000,LazySelect,260414
65000,QuickSelect,289996
65000,LazySelect,268491
65000,QuickSelect,179636
65000,LazySelect,261245
65000,QuickSelect,123487
65000,LazySelect,244376
65000,QuickSelect,82485
65000,LazySelect,286252
65000,QuickSelect,152409
65000,LazySelect,256709
65000,QuickSelect,144300
65000,LazySelect,248619
65000,QuickSelect,274193
65000,LazySelect,233851
65000,QuickSelect,174530
65000,LazySelect,290530
65000,QuickSelect,125642
65000,LazySelect,268404
65000,QuickSelect,192227
65000,LazySelect,240852
65000,QuickSelect,166748
65000,LazySelect,262020
65000,QuickSelect,157043
65000,LazySelect,252232
65000,QuickSelect,209380
65000,LazySelect,256088
65000,QuickSelect,145930
65000,LazySelect,246453
65000,QuickSelect,89973
65000,LazySelect,186781
65000,QuickSelect,193231
65000,LazySelect,263582
65000,QuickSelect,134065
65000,LazySelect,269104
65000,QuickSelect,145762
65000,LazySelect,246343
65000,QuickSelect,281921
65000,LazySelect,246615
65000,QuickSelect,210341
65000,LazySelect,267494
65000,QuickSelect,132516
65000,LazySelect,242820
65000,QuickSelect,242009
65000,LazySelect,256959
65000,QuickSelect,184686
65000,LazySelect,267995
65000,QuickSelect,142398
65000,LazySelect,248668
65000,QuickSelect,190989
65000,LazySelect,215803
65000,QuickSelect,252778
65000,LazySelect,295063
65000,QuickSelect,175786
65000,LazySelect,241398
65000,QuickSelect,236619
65000,LazySelect,256517
65000,QuickSelect,181981
65000,LazySelect,293090
65000,QuickSelect,152950
65000,LazySelect,269611
65000,QuickSelect,99482
65000,LazySelect,255537
65000,QuickSelect,87024
65000,LazySelect,246868
65000,QuickSelect,83331
65000,LazySelect,217038
65000,QuickSelect,145670
65000,LazySelect,248698
65000,QuickSelect,289671
65000,LazySelect,288200
65000,QuickSelect,136015
65000,LazySelect,246008
65000,QuickSelect,96014
65000,LazySelect,288814
65000,QuickSelect,234685
65000,LazySelect,277635
65000,QuickSelect,115296
65000,LazySelect,254542
65000,QuickSelect,262512
65000,LazySelect,279906
65000,QuickSelect,122460
65000,LazySelect,246283
65000,QuickSelect,222360
65000,LazySelect,272254
65000,QuickSelect,417859
65000,LazySelect,280892
65000,QuickSelect,112957
65000,LazySelect,292857
65000,QuickSelect,269289
65000,LazySelect,240718
65000,QuickSelect,282166
65000,LazySelect,245973
65000,QuickSelect,236195
65000,LazySelect,247051
65000,QuickSelect,113054
65000,LazySelect,250755
65000,QuickSelect,285165
65000,LazySelect,260751
65000,QuickSelect,287204
65000,LazySelect,261960
65000,QuickSelect,316986
65000,LazySelect,244918
65000,QuickSelect,301533
65000,LazySelect,243065
65000,QuickSelect,219325
65000,LazySelect,288962
65000,QuickSelect,139557
65000,LazySelect,243502
65000,QuickSelect,144374
65000,LazySelect,244968
65000,QuickSelect,141266
65000,LazySelect,251313
65000,QuickSelect,114349
65000,LazySelect,234257
65000,QuickSelect,89148
65000,LazySelect,296913
65000,QuickSelect,220116
65000,LazySelect,255970
65000,QuickSelect,120498
65000,LazySelect,238543
65000,QuickSelect,267114
65000,LazySelect,264221
65000,QuickSelect,91880
65000,LazySelect,245118
65000,QuickSelect,147742
65000,LazySelect,272425
65000,QuickSelect,231675
65000,LazySelect,275041
65000,QuickSelect,355146
65000,LazySelect,244564
65000,QuickSelect,166710
65000,LazySelect,292408
65000,QuickSelect,84733
65000,LazySelect,261116
65000,QuickSelect,289113
65000,LazySelect,260952
65000,QuickSelect,96178
65000,LazySelect,213570
65000,QuickSelect,210254
65000,LazySelect,283686
65000,QuickSelect,204135
65000,LazySelect,270222
65000,QuickSelect,290429
65000,LazySelect,262983
65000,QuickSelect,200898
65000,LazySelect,293342
65000,QuickSelect,160047
65000,LazySelect,246660
65000,QuickSelect,154918
65000,LazySelect,259267
65000,QuickSelect,277916
65000,LazySelect,260111
65000,QuickSelect,363518
65000,LazySelect,269618
65000,QuickSelect,193860
65000,LazySelect,254452
65000,QuickSelect,122832
65000,LazySelect,249645
65000,QuickSelect,307502
65000,LazySelect,252101
65000,QuickSelect,189585
65000,LazySelect,273924
65000,QuickSelect,215047
65000,LazySelect,240334
65000,QuickSelect,283271
65000,LazySelect,283583
65000,QuickSelect,129416
65000,LazySelect,253408
65000,QuickSelect,141809
65000,LazySelect,240594
65000,QuickSelect,155815
65000,LazySelect,241324
65000,QuickSelect,121495
65000,LazySelect,282265
65000,QuickSelect,221643
65000,LazySelect,258350
65000,QuickSelect,180934
65000,LazySelect,266743
65000,QuickSelect,138423
65000,LazySelect,239366
65000,QuickSelect,281468
65000,LazySelect,255621
65000,QuickSelect,207932
65000,LazySelect,283656
65000,QuickSelect,140414
65000,LazySelect,294936
65000,QuickSelect,309490
65000,LazySelect,257553
65000,QuickSelect,100559
65000,LazySelect,230074
65000,QuickSelect,250802
65000,LazySelect,269024
65000,QuickSelect,145064
65000,LazySelect,262510
65000,QuickSelect,152932
65000,LazySelect,242361
65000,QuickSelect,191855
65000,LazySelect,256131
65000,QuickSelect,152406
65000,LazySelect,291071
70000,QuickSelect,120091
70000,LazySelect,301354
70000,QuickSelect,212921
70000,LazySelect,276579
70000,QuickSelect,246019
70000,LazySelect,255129
70000,QuickSelect,237022
70000,LazySelect,270430
70000,QuickSelect,208763
70000,LazySelect,295314
70000,QuickSelect,236401
70000,LazySelect,306078
70000,QuickSelect,272893
70000,LazySelect,257465
70000,QuickSelect,167132
70000,LazySelect,301444
70000,QuickSelect,148512
70000,LazySelect,260129
70000,QuickSelect,244869
70000,LazySelect,275197
70000,QuickSelect,260581
70000,LazySelect,284912
70000,QuickSelect,135008
70000,LazySelect,302358
70000,QuickSelect,292805
70000,LazySelect,275435
70000,QuickSelect,157525
70000,LazySelect,263370
70000,QuickSelect,291543
70000,LazySelect,264906
70000,QuickSelect,150943
70000,LazySelect,178063
70000,QuickSelect,198312
70000,LazySelect,309707
70000,QuickSelect,136263
70000,LazySelect,276657
70000,QuickSelect,115795
70000,LazySelect,292084
70000,QuickSelect,213559
70000,LazySelect,265638
70000,QuickSelect,201878
70000,LazySelect,288668
70000,QuickSelect,269903
70000,LazySelect,278115
70000,QuickSelect,141060
70000,LazySelect,281627
70000,QuickSelect,162914
70000,LazySelect,255111
70000,QuickSelect,116498
70000,LazySelect,234716
70000,QuickSelect,166557
70000,LazySelect,303881
70000,QuickSelect,189028
70000,LazySelect,273424
70000,QuickSelect,226312
70000,LazySelect,308602
70000,QuickSelect,196787
70000,LazySelect,265952
70000,QuickSelect,327459
70000,LazySelect,297190
70000,QuickSelect,228094
70000,LazySelect,309347
70000,QuickSelect,84525
70000,LazySelect,258503
70000,QuickSelect,144462
70000,LazySelect,307302
70000,QuickSelect,115456
70000,LazySelect,280753
70000,QuickSelect,182008
70000,LazySelect,289782
70000,QuickSelect,268495
70000,LazySelect,273864
70000,QuickSelect,250791
70000,LazySelect,283409
70000,QuickSelect,289748
70000,LazySelect,308408
70000,QuickSelect,150703
70000,LazySelect,313582
70000,QuickSelect,263911
70000,LazySelect,293810
70000,QuickSelect,183235
70000,LazySelect,299214
70000,QuickSelect,210781
70000,LazySelect,293015
70000,QuickSelect,285228
70000,LazySelect,278088
70000,QuickSelect,245692
70000,LazySelect,326527
70000,QuickSelect,143700
70000,LazySelect,286380
70000,QuickSelect,353059
70000,LazySelect,292230
70000,QuickSelect,119505
70000,LazySelect,197410
70000,QuickSelect,206695
70000,LazySelect,298211
70000,QuickSelect,363566
70000,LazySelect,282509
70000,QuickSelect,240190
70000,LazySelect,307003
70000,QuickSelect,222459
70000,LazySelect,207158
70000,QuickSelect,121820
70000,LazySelect,304346
70000,QuickSelect,155420
70000,LazySelect,300913
70000,QuickSelect,165080
70000,LazySelect,281428
70000,QuickSelect,96777
70000,LazySelect,320387
70000,QuickSelect,144036
70000,LazySelect,311769
70000,QuickSelect,233903
70000,LazySelect,260283
70000,QuickSelect,157211
70000,LazySelect,252665
70000,QuickSelect,298975
70000,LazySelect,272168
70000,QuickSelect,293660
70000,LazySelect,281045
70000,QuickSelect,353632
70000,LazySelect,273911
70000,QuickSelect,158103
70000,LazySelect,286796
70000,QuickSelect,424553
70000,LazySelect,315727
70000,QuickSelect,193768
70000,LazySelect,228465
70000,QuickSelect,127453
70000,LazySelect,277681
70000,QuickSelect,179741
70000,LazySelect,248279
70000,QuickSelect,255534
70000,LazySelect,296527
70000,QuickSelect,127673
70000,LazySelect,324985
70000,QuickSelect,109401
70000,LazySelect,268119
70000,QuickSelect,151912
70000,LazySelect,285191
70000,QuickSelect,336277
70000,LazySelect,314123
70000,QuickSelect,305533
70000,LazySelect,271722
70000,QuickSelect,148532
70000,LazySelect,274244
70000,QuickSelect,256113
70000,LazySelect,255784
70000,QuickSelect,206907
70000,LazySelect,305867
70000,QuickSelect,159727
70000,LazySelect,282771
70000,QuickSelect,165425
70000,LazySelect,292648
70000,QuickSelect,233532
70000,LazySelect,266271
70000,QuickSelect,135703
70000,LazySelect,259636
70000,QuickSelect,342098
70000,LazySelect,260496
70000,QuickSelect,194370
70000,LazySelect,285545
70000,QuickSelect,259798
70000,LazySelect,282084
70000,QuickSelect,188474
70000,LazySelect,303721
70000,QuickSelect,222890
70000,LazySelect,280322
70000,QuickSelect,164254
70000,LazySelect,292621
70000,QuickSelect,284190
70000,LazySelect,257580
70000,QuickSelect,155320
70000,LazySelect,270942
70000,QuickSelect,155427
70000,LazySelect,306620
70000,QuickSelect,151688
70000,LazySelect,277455
70000,QuickSelect,182692
70000,LazySelect,300667
70000,QuickSelect,190910
70000,LazySelect,257744
70000,QuickSelect,104744
70000,LazySelect,313074
70000,QuickSelect,282527
70000,LazySelect,294717
70000,QuickSelect,148625
70000,LazySelect,309567
70000,QuickSelect,233004
70000,LazySelect,288709
70000,QuickSelect,233986
70000,LazySelect,260442
70000,QuickSelect,196141
70000,LazySelect,291503
70000,QuickSelect,218751
70000,LazySelect,311764
70000,QuickSelect,133247
70000,LazySelect,265082
70000,QuickSelect,198244
70000,LazySelect,265435
75000,QuickSelect,381889
75000,LazySelect,305842
75000,QuickSelect,130878
75000,LazySelect,268373
75000,QuickSelect,225059
75000,LazySelect,270888
75000,QuickSelect,186788
75000,LazySelect,304465
75000,QuickSelect,113371
75000,LazySelect,266580
75000,QuickSelect,187502
75000,LazySelect,293977
75000,QuickSelect,316321
75000,LazySelect,296783
75000,QuickSelect,158567
75000,LazySelect,307995
75000,QuickSelect,258804
75000,LazySelect,290073
75000,QuickSelect,217886
75000,LazySelect,299368
75000,QuickSelect,184516
75000,LazySelect,275734
75000,QuickSelect,172251
75000,LazySelect,281428
75000,QuickSelect,236435
75000,LazySelect,338507
75000,QuickSelect,157974
75000,LazySelect,280352
75000,QuickSelect,180852
75000,LazySelect,330407
75000,QuickSelect,185034
75000,LazySelect,296785
75000,QuickSelect,221510
75000,LazySelect,285463
75000,QuickSelect,250717
75000,LazySelect,290468
75000,QuickSelect,206171
75000,LazySelect,215629
75000,QuickSelect,209524
75000,LazySelect,301563
75000,QuickSelect,218800
75000,LazySelect,255873
75000,QuickSelect,235564
75000,LazySelect,273054
75000,QuickSelect,171931
75000,LazySelect,337040
75000,QuickSelect,404667
75000,LazySelect,317519
75000,QuickSelect,299704
75000,LazySelect,271698
75000,QuickSelect,391262
75000,LazySelect,328716
75000,QuickSelect,252200
75000,LazySelect,315781
75000,QuickSelect,121418
75000,LazySelect,325439
75000,QuickSelect,103796
75000,LazySelect,272702
75000,QuickSelect,186879
75000,LazySelect,323699
75000,QuickSelect,241224
75000,LazySelect,280497
75000,QuickSelect,132085
75000,LazySelect,340023
75000,QuickSelect,167917
75000,LazySelect,304682
75000,QuickSelect,229049
75000,LazySelect,296009
75000,QuickSelect,160406
75000,LazySelect,331477
75000,QuickSelect,305593
75000,LazySelect,335866
75000,QuickSelect,383814
75000,LazySelect,265037
75000,QuickSelect,115091
75000,LazySelect,278101
75000,QuickSelect,151618
75000,LazySelect,309207
75000,QuickSelect,267489
75000,LazySelect,278180
75000,QuickSelect,167048
75000,LazySelect,295427
75000,QuickSelect,264519
75000,LazySelect,281145
75000,QuickSelect,274773
75000,LazySelect,290974
75000,QuickSelect,142294
75000,LazySelect,304327
75000,QuickSelect,259957
75000,LazySelect,273868
75000,QuickSelect,287987
75000,LazySelect,286669
75000,QuickSelect,259104
75000,LazySelect,279456
75000,QuickSelect,173028
75000,LazySelect,279671
75000,QuickSelect,212251
75000,LazySelect,276141
75000,QuickSelect,126858
75000,LazySelect,272911
75000,QuickSelect,153195
75000,LazySelect,323440
75000,QuickSelect,161617
75000,LazySelect,337600
75000,QuickSelect,287229
75000,LazySelect,279264
75000,QuickSelect,120621
75000,LazySelect,308093
75000,QuickSelect,208967
75000,LazySelect,281338
75000,QuickSelect,93274
75000,LazySelect,276954
75000,QuickSelect,342195
75000,LazySelect,310593
75000,QuickSelect,161752
75000,LazySelect,273891
75000,QuickSelect,184536
75000,LazySelect,280149
75000,QuickSelect,105251
75000,LazySelect,331170
75000,QuickSelect,139322
75000,LazySelect,275945
75000,QuickSelect,210032
75000,LazySelect,322756
75000,QuickSelect,311318
75000,LazySelect,294219
75000,QuickSelect,102445
75000,LazySelect,329993
75000,QuickSelect,206498
75000,LazySelect,283007
75000,QuickSelect,232950
75000,LazySelect,294891
75000,QuickSelect,131994
75000,LazySelect,302043
75000,QuickSelect,198253
75000,LazySelect,289281
75000,QuickSelect,253370
75000,LazySelect,295973
75000,QuickSelect,141043
75000,LazySelect,312296
75000,QuickSelect,256243
75000,LazySelect,308958
75000,QuickSelect,141111
75000,LazySelect,321707
75000,QuickSelect,234014
75000,LazySelect,244658
75000,QuickSelect,167723
75000,LazySelect,325030
75000,QuickSelect,474935
75000,LazySelect,296642
75000,QuickSelect,194690
75000,LazySelect,291054
75000,QuickSelect,289323
75000,LazySelect,294244
75000,QuickSelect,178864
75000,LazySelect,280565
75000,QuickSelect,200287
75000,LazySelect,309663
75000,QuickSelect,99075
75000,LazySelect,229392
75000,QuickSelect,152309
75000,LazySelect,283741
75000,QuickSelect,299873
75000,LazySelect,287937
75000,QuickSelect,113669
75000,LazySelect,320432
75000,QuickSelect,275368
75000,LazySelect,276049
75000,QuickSelect,218651
75000,LazySelect,312722
75000,QuickSelect,267094
75000,LazySelect,333294
75000,QuickSelect,260302
75000,LazySelect,286333
75000,QuickSelect,212303
75000,LazySelect,307585
75000,QuickSelect,247658
75000,LazySelect,295886
75000,QuickSelect,251550
75000,LazySelect,321712
75000,QuickSelect,275806
75000,LazySelect,292072
75000,QuickSelect,156721
75000,LazySelect,329124
75000,QuickSelect,232904
75000,LazySelect,308314
75000,QuickSelect,201024
75000,LazySelect,267102
75000,QuickSelect,336396
75000,LazySelect,314918
75000,QuickSelect,245385
75000,LazySelect,294073
75000,QuickSelect,240484
75000,LazySelect,285890
75000,QuickSelect,209869
75000,LazySelect,322485
75000,QuickSelect,113395
75000,LazySelect,267862
75000,QuickSelect,250045
75000,LazySelect,282090
80000,QuickSelect,214833
80000,LazySelect,313521
80000,QuickSelect,152699
80000,LazySelect,264206
80000,QuickSelect,319601
80000,LazySelect,314056
80000,QuickSelect,170173
80000,LazySelect,333623
80000,QuickSelect,271341
80000,LazySelect,325098
80000,QuickSelect,378069
80000,LazySelect,320763
80000,QuickSelect,101327
80000,LazySelect,226107
80000,QuickSelect,109907
80000,LazySelect,304713
80000,QuickSelect,300682
80000,LazySelect,306842
80000,QuickSelect,248871
80000,LazySelect,296906
80000,QuickSelect,195817
80000,LazySelect,314646
80000,QuickSelect,107739
80000,LazySelect,330552
80000,QuickSelect,209942
80000,LazySelect,346290
80000,QuickSelect,160682
80000,LazySelect,301786
80000,QuickSelect,167832
80000,LazySelect,316003
80000,QuickSelect,298535
80000,LazySelect,300048
80000,QuickSelect,151674
80000,LazySelect,320950
80000,QuickSelect,289140
80000,LazySelect,305937
80000,QuickSelect,229248
80000,LazySelect,313900
80000,QuickSelect,339158
80000,LazySelect,295277
80000,QuickSelect,286601
80000,LazySelect,312829
80000,QuickSelect,160282
80000,LazySelect,286882
80000,QuickSelect,325461
80000,LazySelect,332330
80000,QuickSelect,156159
80000,LazySelect,303131
80000,QuickSelect,193466
80000,LazySelect,321418
80000,QuickSelect,182671
80000,LazySelect,301197
80000,QuickSelect,141445
80000,LazySelect,326835
80000,QuickSelect,268300
80000,LazySelect,344327
80000,QuickSelect,261673
80000,LazySelect,331988
80000,QuickSelect,282460
80000,LazySelect,284168
80000,QuickSelect,284800
80000,LazySelect,331369
80000,QuickSelect,227935
80000,LazySelect,290805
80000,QuickSelect,260681
80000,LazySelect,312995
80000,QuickSelect,156894
80000,LazySelect,324040
80000,QuickSelect,326350
80000,LazySelect,300785
80000,QuickSelect,157893
80000,LazySelect,283184
80000,QuickSelect,256270
80000,LazySelect,338913
80000,QuickSelect,223295
80000,LazySelect,356438
80000,QuickSelect,394067
80000,LazySelect,310033
80000,QuickSelect,329028
80000,LazySelect,296794
80000,QuickSelect,310826
80000,LazySelect,314299
80000,QuickSelect,159725
80000,LazySelect,302246
80000,QuickSelect,354302
80000,LazySelect,330849
80000,QuickSelect,397508
80000,LazySelect,310937
80000,QuickSelect,317013
80000,LazySelect,305114
80000,QuickSelect,167475
80000,LazySelect,340605
80000,QuickSelect,174084
80000,LazySelect,292623
80000,QuickSelect,116233
80000,LazySelect,303779
80000,QuickSelect,108020
80000,LazySelect,230679
80000,QuickSelect,104392
80000,LazySelect,348406
80000,QuickSelect,252634
80000,LazySelect,338293
80000,QuickSelect,153475
80000,LazySelect,321647
80000,QuickSelect,296252
80000,LazySelect,297198
80000,QuickSelect,302108
80000,LazySelect,318186
80000,QuickSelect,176555
80000,LazySelect,291136
80000,QuickSelect,346664
80000,LazySelect,309540
80000,QuickSelect,204436
80000,LazySelect,295219
80000,QuickSelect,180377
80000,LazySelect,312710
80000,QuickSelect,387031
80000,LazySelect,315984
80000,QuickSelect,277205
80000,LazySelect,294861
80000,QuickSelect,282013
80000,LazySelect,309974
80000,QuickSelect,198149
80000,LazySelect,343574
80000,QuickSelect,147974
80000,LazySelect,368426
80000,QuickSelect,339308
80000,LazySelect,349489
80000,QuickSelect,374133
80000,LazySelect,319992
80000,QuickSelect,161879
80000,LazySelect,329424
80000,QuickSelect,189929
80000,LazySelect,218186
80000,QuickSelect,380324
80000,LazySelect,309549
80000,QuickSelect,158824
80000,LazySelect,341134
80000,QuickSelect,211487
80000,LazySelect,344752
80000,QuickSelect,254560
80000,LazySelect,314318
80000,QuickSelect,137672
80000,LazySelect,286121
80000,QuickSelect,296485
80000,LazySelect,310065
80000,QuickSelect,255497
80000,LazySelect,307186
80000,QuickSelect,274947
80000,LazySelect,331652
80000,QuickSelect,418045
80000,LazySelect,349875
80000,QuickSelect,316047
80000,LazySelect,326748
80000,QuickSelect,121482
80000,LazySelect,321290
80000,QuickSelect,294265
80000,LazySelect,339605
80000,QuickSelect,267599
80000,LazySelect,333963
80000,QuickSelect,317707
80000,LazySelect,322232
80000,QuickSelect,234082
80000,LazySelect,314236
80000,QuickSelect,315157
80000,LazySelect,320086
80000,QuickSelect,291384
80000,LazySelect,353611
80000,QuickSelect,266401
80000,LazySelect,350439
80000,QuickSelect,485047
80000,LazySelect,320474
80000,QuickSelect,269155
80000,LazySelect,328565
80000,QuickSelect,190444
80000,LazySelect,336212
80000,QuickSelect,206954
80000,LazySelect,346790
80000,QuickSelect,258233
80000,LazySelect,315160
80000,QuickSelect,198854
80000,LazySelect,332399
80000,QuickSelect,218352
80000,LazySelect,355802
80000,QuickSelect,299574
80000,LazySelect,339940
80000,QuickSelect,259335
80000,LazySelect,338830
80000,QuickSelect,197261
80000,LazySelect,291272
80000,QuickSelect,160257
80000,LazySelect,338677
80000,QuickSelect,255850
80000,LazySelect,299661
80000,QuickSelect,119634
80000,LazySelect,345016
80000,QuickSelect,351802
80000,LazySelect,314060
80000,QuickSelect,262777
80000,LazySelect,301180
85000,QuickSelect,195985
85000,LazySelect,361240
85000,QuickSelect,361409
85000,LazySelect,335276
85000,QuickSelect,137938
85000,LazySelect,365280
85000,QuickSelect,196305
85000,LazySelect,372927
85000,QuickSelect,122701
85000,LazySelect,240915
85000,QuickSelect,270572
85000,LazySelect,265640
85000,QuickSelect,342205
85000,LazySelect,321802
85000,QuickSelect,333641
85000,LazySelect,354746
85000,QuickSelect,214104
85000,LazySelect,279290
85000,QuickSelect,331960
85000,LazySelect,365401
85000,QuickSelect,266064
85000,LazySelect,327734
85000,QuickSelect,226170
85000,LazySelect,357901
85000,QuickSelect,359868
85000,LazySelect,345707
85000,QuickSelect,113549
85000,LazySelect,370016
85000,QuickSelect,439580
85000,LazySelect,341393
85000,QuickSelect,239248
85000,LazySelect,327983
85000,QuickSelect,277418
85000,LazySelect,335715
85000,QuickSelect,190211
85000,LazySelect,341552
85000,QuickSelect,119487
85000,LazySelect,226379
85000,QuickSelect,285843
85000,LazySelect,363822
85000,QuickSelect,421612
85000,LazySelect,341300
85000,QuickSelect,114238
85000,LazySelect,299974
85000,QuickSelect,219988
85000,LazySelect,321751
85000,QuickSelect,206571
85000,LazySelect,311369
85000,QuickSelect,202663
85000,LazySelect,329111
85000,QuickSelect,241521
85000,LazySelect,347888
85000,QuickSelect,139380
85000,LazySelect,352576
85000,QuickSelect,247807
85000,LazySelect,327059
85000,QuickSelect,213066
85000,LazySelect,362266
85000,QuickSelect,171901
85000,LazySelect,349174
85000,QuickSelect,94266
85000,LazySelect,341153
85000,QuickSelect,296268
85000,LazySelect,312368
85000,QuickSelect,125718
85000,LazySelect,320558
85000,QuickSelect,260048
85000,LazySelect,335444
85000,QuickSelect,197254
85000,LazySelect,375809
85000,QuickSelect,196541
85000,LazySelect,375929
85000,QuickSelect,167475
85000,LazySelect,369456
85000,QuickSelect,303717
85000,LazySelect,312915
85000,QuickSelect,172222
85000,LazySelect,372212
85000,QuickSelect,146247
85000,LazySelect,361656
85000,QuickSelect,183771
85000,LazySelect,374381
85000,QuickSelect,251245
85000,LazySelect,311587
85000,QuickSelect,251098
85000,LazySelect,270003
85000,QuickSelect,377315
85000,LazySelect,339868
85000,QuickSelect,335468
85000,LazySelect,335341
85000,QuickSelect,220569
85000,LazySelect,302228
85000,QuickSelect,162097
85000,LazySelect,327028
85000,QuickSelect,231544
85000,LazySelect,328476
85000,QuickSelect,379326
85000,LazySelect,371308
85000,QuickSelect,190970
85000,LazySelect,365072
85000,QuickSelect,181476
85000,LazySelect,357988
85000,QuickSelect,282725
85000,LazySelect,321744
85000,QuickSelect,236365
85000,LazySelect,318737
85000,QuickSelect,176256
85000,LazySelect,312233
85000,QuickSelect,270322
85000,LazySelect,346954
85000,QuickSelect,220066
85000,LazySelect,375576
85000,QuickSelect,196031
85000,LazySelect,361953
85000,QuickSelect,157281
85000,LazySelect,367772
85000,QuickSelect,165302
85000,LazySelect,334721
85000,QuickSelect,342102
85000,LazySelect,339555
85000,QuickSelect,320131
85000,LazySelect,375784
85000,QuickSelect,171153
85000,LazySelect,272126
85000,QuickSelect,306968
85000,LazySelect,369714
85000,QuickSelect,194755
85000,LazySelect,314343
85000,QuickSelect,256893
85000,LazySelect,353361
85000,QuickSelect,288812
85000,LazySelect,378826
85000,QuickSelect,160028
85000,LazySelect,359144
85000,QuickSelect,260698
85000,LazySelect,325117
85000,QuickSelect,218426
85000,LazySelect,373900
85000,QuickSelect,277466
85000,LazySelect,334707
85000,QuickSelect,406260
85000,LazySelect,353855
85000,QuickSelect,237533
85000,LazySelect,252740
85000,QuickSelect,281577
85000,LazySelect,354610
85000,QuickSelect,279046
85000,LazySelect,348477
85000,QuickSelect,225303
85000,LazySelect,367518
85000,QuickSelect,148639
85000,LazySelect,294113
85000,QuickSelect,297665
85000,LazySelect,355210
85000,QuickSelect,258669
85000,LazySelect,371474
85000,QuickSelect,284438
85000,LazySelect,343180
85000,QuickSelect,194357
85000,LazySelect,323412
85000,QuickSelect,170835
85000,LazySelect,303999
85000,QuickSelect,254734
85000,LazySelect,330919
85000,QuickSelect,411070
85000,LazySelect,349898
85000,QuickSelect,186446
85000,LazySelect,300537
85000,QuickSelect,105039
85000,LazySelect,254227
85000,QuickSelect,350163
85000,LazySelect,322853
85000,QuickSelect,194573
85000,LazySelect,349249
85000,QuickSelect,321839
85000,LazySelect,337682
85000,QuickSelect,479970
85000,LazySelect,333189
85000,QuickSelect,252152
85000,LazySelect,342984
85000,QuickSelect,218454
85000,LazySelect,223341
85000,QuickSelect,241330
85000,LazySelect,343332
85000,QuickSelect,248440
85000,LazySelect,367508
85000,QuickSelect,185846
85000,LazySelect,359411
85000,QuickSelect,164511
85000,LazySelect,315184
85000,QuickSelect,461696
85000,LazySelect,359469
85000,QuickSelect,411705
85000,LazySelect,318414
85000,QuickSelect,264059
85000,LazySelect,349525
85000,QuickSelect,202764
85000,LazySelect,322415
85000,QuickSelect,333286
85000,LazySelect,345696
90000,QuickSelect,422947
90000,LazySelect,370824
90000,QuickSelect,172951
90000,LazySelect,383171
90000,QuickSelect,278652
90000,LazySelect,262831
90000,QuickSelect,191545
90000,LazySelect,348500
90000,QuickSelect,177701
90000,LazySelect,280028
90000,QuickSelect,493227
90000,LazySelect,344728
90000,QuickSelect,251334
90000,LazySelect,338980
90000,QuickSelect,249100
90000,LazySelect,329088
90000,QuickSelect,317024
90000,LazySelect,356476
90000,QuickSelect,275918
90000,LazySelect,355863
90000,QuickSelect,454479
90000,LazySelect,345675
90000,QuickSelect,182648
90000,LazySelect,384545
90000,QuickSelect,373438
90000,LazySelect,369495
90000,QuickSelect,246954
90000,LazySelect,364369
90000,QuickSelect,257517
90000,LazySelect,388873
90000,QuickSelect,234717
90000,LazySelect,366578
90000,QuickSelect,244644
90000,LazySelect,261179
90000,QuickSelect,200656
90000,LazySelect,364871
90000,QuickSelect,342777
90000,LazySelect,331682
90000,QuickSelect,371824
90000,LazySelect,335762
90000,QuickSelect,297899
90000,LazySelect,389732
90000,QuickSelect,230292
90000,LazySelect,339472
90000,QuickSelect,151660
90000,LazySelect,391757
90000,QuickSelect,107579
90000,LazySelect,248029
90000,QuickSelect,368169
90000,LazySelect,363929
90000,QuickSelect,244121
90000,LazySelect,340020
90000,QuickSelect,107947
90000,LazySelect,244608
90000,QuickSelect,185662
90000,LazySelect,379024
90000,QuickSelect,382371
90000,LazySelect,341981
90000,QuickSelect,195617
90000,LazySelect,389888
90000,QuickSelect,266235
90000,LazySelect,355466
90000,QuickSelect,234174
90000,LazySelect,338927
90000,QuickSelect,206821
90000,LazySelect,306917
90000,QuickSelect,120569
90000,LazySelect,366507
90000,QuickSelect,308388
90000,LazySelect,319962
90000,QuickSelect,347713
90000,LazySelect,343062
90000,QuickSelect,263259
90000,LazySelect,374099
90000,QuickSelect,327631
90000,LazySelect,362477
90000,QuickSelect,227909
90000,LazySelect,340313
90000,QuickSelect,381596
90000,LazySelect,366064
90000,QuickSelect,326294
90000,LazySelect,328240
90000,QuickSelect,324025
90000,LazySelect,372897
90000,QuickSelect,449602
90000,LazySelect,368973
90000,QuickSelect,347823
90000,LazySelect,363856
90000,QuickSelect,420890
90000,LazySelect,388822
90000,QuickSelect,200025
90000,LazySelect,313722
90000,QuickSelect,282548
90000,LazySelect,355971
90000,QuickSelect,416682
90000,LazySelect,346933
90000,QuickSelect,517180
90000,LazySelect,344395
90000,QuickSelect,222799
90000,LazySelect,374419
90000,QuickSelect,287120
90000,LazySelect,242914
90000,QuickSelect,299865
90000,LazySelect,331811
90000,QuickSelect,201494
90000,LazySelect,394565
90000,QuickSelect,158974
90000,LazySelect,384010
90000,QuickSelect,179309
90000,LazySelect,388109
90000,QuickSelect,188864
90000,LazySelect,273054
90000,QuickSelect,378563
90000,LazySelect,373506
90000,QuickSelect,281059
90000,LazySelect,305541
90000,QuickSelect,355444
90000,LazySelect,331456
90000,QuickSelect,209592
90000,LazySelect,345381
90000,QuickSelect,164422
90000,LazySelect,404778
90000,QuickSelect,156338
90000,LazySelect,359026
90000,QuickSelect,260934
90000,LazySelect,396593
90000,QuickSelect,219581
90000,LazySelect,291466
90000,QuickSelect,225554
90000,LazySelect,342565
90000,QuickSelect,192236
90000,LazySelect,386486
90000,QuickSelect,221055
90000,LazySelect,377118
90000,QuickSelect,221566
90000,LazySelect,338102
90000,QuickSelect,325198
90000,LazySelect,349608
90000,QuickSelect,161192
90000,LazySelect,363403
90000,QuickSelect,315680
90000,LazySelect,345480
90000,QuickSelect,220558
90000,LazySelect,365836
90000,QuickSelect,295627
90000,LazySelect,342700
90000,QuickSelect,127566
90000,LazySelect,374567
90000,QuickSelect,142910
90000,LazySelect,371183
90000,QuickSelect,385345
90000,LazySelect,341950
90000,QuickSelect,374528
90000,LazySelect,345513
90000,QuickSelect,511614
90000,LazySelect,331421
90000,QuickSelect,407566
90000,LazySelect,324726
90000,QuickSelect,229004
90000,LazySelect,322423
90000,QuickSelect,240740
90000,LazySelect,309437
90000,QuickSelect,202563
90000,LazySelect,359198
90000,QuickSelect,212529
90000,LazySelect,406569
90000,QuickSelect,353994
90000,LazySelect,333431
90000,QuickSelect,355294
90000,LazySelect,296970
90000,QuickSelect,344487
90000,LazySelect,330406
90000,QuickSelect,453738
90000,LazySelect,373807
90000,QuickSelect,199730
90000,LazySelect,391894
90000,QuickSelect,234931
90000,LazySelect,402390
90000,QuickSelect,171900
90000,LazySelect,303373
90000,QuickSelect,234929
90000,LazySelect,376294
90000,QuickSelect,344630
90000,LazySelect,331795
90000,QuickSelect,211886
90000,LazySelect,353686
90000,QuickSelect,382182
90000,LazySelect,350830
90000,QuickSelect,377021
90000,LazySelect,349653
90000,QuickSelect,181387
90000,LazySelect,380943
90000,QuickSelect,488767
90000,LazySelect,389513
90000,QuickSelect,379436
90000,LazySelect,352477
90000,QuickSelect,319161
90000,LazySelect,379671
90000,QuickSelect,167174
90000,LazySelect,398987
95000,QuickSelect,265802
95000,LazySelect,335975
95000,QuickSelect,322971
95000,LazySelect,351276
95000,QuickSelect,318439
95000,LazySelect,370413
95000,QuickSelect,359826
95000,LazySelect,374912
95000,QuickSelect,345945
95000,LazySelect,381206
95000,QuickSelect,362635
95000,LazySelect,384142
95000,QuickSelect,223705
95000,LazySelect,348560
95000,QuickSelect,192657
95000,LazySelect,331070
95000,QuickSelect,211818
95000,LazySelect,329216
95000,QuickSelect,444615
95000,LazySelect,397262
95000,QuickSelect,390254
95000,LazySelect,371001
95000,QuickSelect,168041
95000,LazySelect,359548
95000,QuickSelect,168780
95000,LazySelect,365207
95000,QuickSelect,326129
95000,LazySelect,403618
95000,QuickSelect,271946
95000,LazySelect,342481
95000,QuickSelect,303879
95000,LazySelect,341082
95000,QuickSelect,191743
95000,LazySelect,353906
95000,QuickSelect,232512
95000,LazySelect,393799
95000,QuickSelect,302680
95000,LazySelect,375942
95000,QuickSelect,104903
95000,LazySelect,289957
95000,QuickSelect,459483
95000,LazySelect,398192
95000,QuickSelect,362578
95000,LazySelect,398230
95000,QuickSelect,268765
95000,LazySelect,344900
95000,QuickSelect,190703
95000,LazySelect,406804
95000,QuickSelect,285633
95000,LazySelect,391453
95000,QuickSelect,210130
95000,LazySelect,321019
95000,QuickSelect,236628
95000,LazySelect,358125
95000,QuickSelect,169826
95000,LazySelect,413995
95000,QuickSelect,399556
95000,LazySelect,424496
95000,QuickSelect,150962
95000,LazySelect,397403
95000,QuickSelect,219959
95000,LazySelect,327797
95000,QuickSelect,280308
95000,LazySelect,358265
95000,QuickSelect,180378
95000,LazySelect,403250
95000,QuickSelect,353659
95000,LazySelect,372431
95000,QuickSelect,314574
95000,LazySelect,398412
95000,QuickSelect,230858
95000,LazySelect,348969
95000,QuickSelect,295740
95000,LazySelect,373950
95000,QuickSelect,383314
95000,LazySelect,336319
95000,QuickSelect,288602
95000,LazySelect,337937
95000,QuickSelect,286971
95000,LazySelect,333350
95000,QuickSelect,341107
95000,LazySelect,365416
95000,QuickSelect,411503
95000,LazySelect,400812
95000,QuickSelect,218414
95000,LazySelect,351359
95000,QuickSelect,212762
95000,LazySelect,411737
95000,QuickSelect,254081
95000,LazySelect,383373
95000,QuickSelect,234379
95000,LazySelect,318543
95000,QuickSelect,297071
95000,LazySelect,408191
95000,QuickSelect,238542
95000,LazySelect,351333
95000,QuickSelect,234940
95000,LazySelect,340093
95000,QuickSelect,194576
95000,LazySelect,413405
95000,QuickSelect,203107
95000,LazySelect,412823
95000,QuickSelect,307578
95000,LazySelect,347603
95000,QuickSelect,168130
95000,LazySelect,407211
95000,QuickSelect,257730
95000,LazySelect,371769
95000,QuickSelect,264185
95000,LazySelect,393632
95000,QuickSelect,250604
95000,LazySelect,261603
95000,QuickSelect,247152
95000,LazySelect,395951
95000,QuickSelect,327185
95000,LazySelect,380802
95000,QuickSelect,376885
95000,LazySelect,364525
95000,QuickSelect,247403
95000,LazySelect,381068
95000,QuickSelect,269834
95000,LazySelect,332921
95000,QuickSelect,205771
95000,LazySelect,336627
95000,QuickSelect,253191
95000,LazySelect,397599
95000,QuickSelect,217378
95000,LazySelect,385975
95000,QuickSelect,431471
95000,LazySelect,399508
95000,QuickSelect,394104
95000,LazySelect,369059
95000,QuickSelect,389835
95000,LazySelect,388714
95000,QuickSelect,147236
95000,LazySelect,425881
95000,QuickSelect,231064
95000,LazySelect,325000
95000,QuickSelect,184437
95000,LazySelect,406187
95000,QuickSelect,309411
95000,LazySelect,391107
95000,QuickSelect,290163
95000,LazySelect,360666
95000,QuickSelect,324592
95000,LazySelect,359260
95000,QuickSelect,223514
95000,LazySelect,384575
95000,QuickSelect,397003
95000,LazySelect,414166
95000,QuickSelect,378147
95000,LazySelect,406803
95000,QuickSelect,158013
95000,LazySelect,393383
95000,QuickSelect,328182
95000,LazySelect,380113
95000,QuickSelect,138299
95000,LazySelect,365987
95000,QuickSelect,428420
95000,LazySelect,404153
95000,QuickSelect,363414
95000,LazySelect,365054
95000,QuickSelect,329321
95000,LazySelect,390579
95000,QuickSelect,254078
95000,LazySelect,396704
95000,QuickSelect,242280
95000,LazySelect,336942
95000,QuickSelect,171904
95000,LazySelect,384507
95000,QuickSelect,325788
95000,LazySelect,356791
95000,QuickSelect,131909
95000,LazySelect,245729
95000,QuickSelect,265315
95000,LazySelect,384459
95000,QuickSelect,410092
95000,LazySelect,317766
95000,QuickSelect,509643
95000,LazySelect,380584
95000,QuickSelect,267729
95000,LazySelect,341769
95000,QuickSelect,170899
95000,LazySelect,402262
95000,QuickSelect,191200
95000,LazySelect,410963
95000,QuickSelect,146183
95000,LazySelect,242301
95000,QuickSelect,407001
95000,LazySelect,337340
95000,QuickSelect,316592
95000,LazySelect,345419
95000,QuickSelect,242384
95000,LazySelect,410792
95000,QuickSelect,266395
95000,LazySelect,407639
95000,QuickSelect,249550
95000,LazySelect,381698
95000,QuickSelect,219706
95000,LazySelect,413157
100000,QuickSelect,395853
100000,LazySelect,381386
100000,QuickSelect,238713
100000,LazySelect,394797
100000,QuickSelect,239644
100000,LazySelect,388764
100000,QuickSelect,275390
100000,LazySelect,418431
100000,QuickSelect,165544
100000,LazySelect,417767
100000,QuickSelect,278073
100000,LazySelect,356821
100000,QuickSelect,396996
100000,LazySelect,375811
100000,QuickSelect,367847
100000,LazySelect,385957
100000,QuickSelect,293612
100000,LazySelect,361568
100000,QuickSelect,482629
100000,LazySelect,404217
100000,QuickSelect,259843
100000,LazySelect,351459
100000,QuickSelect,232970
100000,LazySelect,418665
100000,QuickSelect,300254
100000,LazySelect,341547
100000,QuickSelect,203254
100000,LazySelect,402793
100000,QuickSelect,454848
100000,LazySelect,404340
100000,QuickSelect,251482
100000,LazySelect,423324
100000,QuickSelect,200848
100000,LazySelect,383817
100000,QuickSelect,168884
100000,LazySelect,377004
100000,QuickSelect,450274
100000,LazySelect,386725
100000,QuickSelect,206708
100000,LazySelect,401207
100000,QuickSelect,447684
100000,LazySelect,419530
100000,QuickSelect,449451
100000,LazySelect,429106
100000,QuickSelect,212158
100000,LazySelect,424173
100000,QuickSelect,262187
100000,LazySelect,349524
100000,QuickSelect,310781
100000,LazySelect,370478
100000,QuickSelect,414393
100000,LazySelect,363525
100000,QuickSelect,215435
100000,LazySelect,438791
100000,QuickSelect,284909
100000,LazySelect,353035
100000,QuickSelect,244293
100000,LazySelect,363148
100000,QuickSelect,153579
100000,LazySelect,435420
100000,QuickSelect,241150
100000,LazySelect,387942
100000,QuickSelect,115656
100000,LazySelect,265565
100000,QuickSelect,253625
100000,LazySelect,359633
100000,QuickSelect,209796
100000,LazySelect,410177
100000,QuickSelect,394033
100000,LazySelect,373131
100000,QuickSelect,469127
100000,LazySelect,425019
100000,QuickSelect,420424
100000,LazySelect,356293
100000,QuickSelect,286973
100000,LazySelect,412098
100000,QuickSelect,321581
100000,LazySelect,397608
100000,QuickSelect,339237
100000,LazySelect,421482
100000,QuickSelect,342774
100000,LazySelect,419189
100000,QuickSelect,395814
100000,LazySelect,399203
100000,QuickSelect,281562
100000,LazySelect,352641
100000,QuickSelect,349389
100000,LazySelect,354655
100000,QuickSelect,224000
100000,LazySelect,379457
100000,QuickSelect,198911
100000,LazySelect,401124
100000,QuickSelect,258122
100000,LazySelect,413224
100000,QuickSelect,252166
100000,LazySelect,379287
100000,QuickSelect,301288
100000,LazySelect,384871
100000,QuickSelect,341812
100000,LazySelect,392021
100000,QuickSelect,170454
100000,LazySelect,339173
100000,QuickSelect,298579
100000,LazySelect,404370
100000,QuickSelect,347808
100000,LazySelect,345631
100000,QuickSelect,395761
100000,LazySelect,375002
100000,QuickSelect,420447
100000,LazySelect,382181
100000,QuickSelect,120821
100000,LazySelect,430301
100000,QuickSelect,329060
100000,LazySelect,403900
100000,QuickSelect,318871
100000,LazySelect,376644
100000,QuickSelect,270810
100000,LazySelect,391729
100000,QuickSelect,203127
100000,LazySelect,374458
100000,QuickSelect,570934
100000,LazySelect,413083
100000,QuickSelect,247084
100000,LazySelect,404102
100000,QuickSelect,366825
100000,LazySelect,383647
100000,QuickSelect,396887
100000,LazySelect,371381
100000,QuickSelect,130240
100000,LazySelect,426641
100000,QuickSelect,534059
100000,LazySelect,398312
100000,QuickSelect,315996
100000,LazySelect,431046
100000,QuickSelect,200551
100000,LazySelect,357374
100000,QuickSelect,424902
100000,LazySelect,377476
100000,QuickSelect,332871
100000,LazySelect,393295
100000,QuickSelect,322204
100000,LazySelect,407780
100000,QuickSelect,186568
100000,LazySelect,318443
100000,QuickSelect,320480
100000,LazySelect,418487
100000,QuickSelect,419405
100000,LazySelect,357350
100000,QuickSelect,317782
100000,LazySelect,409918
100000,QuickSelect,498048
100000,LazySelect,351009
100000,QuickSelect,229477
100000,LazySelect,373681
100000,QuickSelect,331170
100000,LazySelect,414611
100000,QuickSelect,265548
100000,LazySelect,377170
100000,QuickSelect,230410
100000,LazySelect,399844
100000,QuickSelect,198358
100000,LazySelect,395893
100000,QuickSelect,310440
100000,LazySelect,399919
100000,QuickSelect,176179
100000,LazySelect,342531
100000,QuickSelect,151494
100000,LazySelect,377405
100000,QuickSelect,312505
100000,LazySelect,336265
100000,QuickSelect,128549
100000,LazySelect,336623
100000,QuickSelect,333578
100000,LazySelect,400705
100000,QuickSelect,333175
100000,LazySelect,357450
100000,QuickSelect,263570
100000,LazySelect,384990
100000,QuickSelect,154507
100000,LazySelect,347410
100000,QuickSelect,214373
100000,LazySelect,395031
100000,QuickSelect,498461
100000,LazySelect,408583
100000,QuickSelect,246991
100000,LazySelect,393559
100000,QuickSelect,285223
100000,LazySelect,396515
100000,QuickSelect,504243
100000,LazySelect,412873
100000,QuickSelect,462455
100000,LazySelect,349294
100000,QuickSelect,274385
100000,LazySelect,426044
100000,QuickSelect,261651
100000,LazySelect,442807
100000,QuickSelect,400956
100000,LazySelect,399845
100000,QuickSelect,243794
100000,LazySelect,317818
