List Size,Algorithm,Runtime (ms)
500000,QuickSelect,3
500000,LazySelect,3
500000,QuickSelect,2
500000,LazySelect,3
500000,QuickSelect,3
500000,LazySelect,3
500000,QuickSelect,4
500000,LazySelect,4
500000,QuickSelect,4
500000,LazySelect,4
500000,QuickSelect,4
500000,LazySelect,3
500000,QuickSelect,5
500000,LazySelect,3
500000,QuickSelect,4
500000,LazySelect,3
500000,QuickSelect,3
500000,LazySelect,3
500000,QuickSelect,2
500000,LazySelect,2
500000,QuickSelect,2
500000,LazySelect,3
500000,QuickSelect,3
500000,LazySelect,4
500000,QuickSelect,4
500000,LazySelect,4
500000,QuickSelect,4
500000,LazySelect,3
500000,QuickSelect,3
500000,LazySelect,4
500000,QuickSelect,2
500000,LazySelect,4
500000,QuickSelect,4
500000,LazySelect,4
500000,QuickSelect,2
500000,LazySelect,3
500000,QuickSelect,3
500000,LazySelect,3
500000,QuickSelect,2
500000,LazySelect,3
500000,QuickSelect,5
500000,LazySelect,3
500000,QuickSelect,4
500000,LazySelect,5
500000,QuickSelect,3
500000,LazySelect,3
500000,QuickSelect,3
500000,LazySelect,4
500000,QuickSelect,4
500000,LazySelect,4
500000,QuickSelect,4
500000,LazySelect,4
500000,QuickSelect,4
500000,LazySelect,4
500000,QuickSelect,3
500000,LazySelect,3
500000,QuickSelect,1
500000,LazySelect,3
500000,QuickSelect,4
500000,LazySelect,3
500000,QuickSelect,3
500000,LazySelect,4
500000,QuickSelect,3
500000,LazySelect,4
500000,QuickSelect,5
500000,LazySelect,4
500000,QuickSelect,4
500000,LazySelect,4
500000,QuickSelect,2
500000,LazySelect,4
500000,QuickSelect,4
500000,LazySelect,4
500000,QuickSelect,3
500000,LazySelect,3
500000,QuickSelect,3
500000,LazySelect,3
500000,QuickSelect,2
500000,LazySelect,3
500000,QuickSelect,2
500000,LazySelect,4
500000,QuickSelect,4
500000,LazySelect,4
500000,QuickSelect,2
500000,LazySelect,3
500000,QuickSelect,4
500000,LazySelect,3
500000,QuickSelect,3
500000,LazySelect,4
500000,QuickSelect,5
500000,LazySelect,5
500000,QuickSelect,4
500000,LazySelect,4
500000,QuickSelect,3
500000,LazySelect,3
500000,QuickSelect,2
500000,LazySelect,3
500000,QuickSelect,2
500000,LazySelect,3
500000,QuickSelect,3
500000,LazySelect,3
500000,QuickSelect,5
500000,LazySelect,4
500000,QuickSelect,3
500000,LazySelect,2
500000,QuickSelect,5
500000,LazySelect,4
500000,QuickSelect,4
500000,LazySelect,2
500000,QuickSelect,4
500000,LazySelect,3
500000,QuickSelect,1
500000,LazySelect,3
500000,QuickSelect,3
500000,LazySelect,3
500000,QuickSelect,4
500000,LazySelect,3
500000,QuickSelect,3
500000,LazySelect,4
500000,QuickSelect,4
500000,LazySelect,4
500000,QuickSelect,4
500000,LazySelect,4
500000,QuickSelect,5
500000,LazySelect,4
500000,QuickSelect,4
500000,LazySelect,3
500000,QuickSelect,5
500000,LazySelect,3
500000,QuickSelect,4
500000,LazySelect,3
500000,QuickSelect,3
500000,LazySelect,3
500000,QuickSelect,4
500000,LazySelect,3
500000,QuickSelect,4
500000,LazySelect,4
500000,QuickSelect,4
500000,LazySelect,3
500000,QuickSelect,4
500000,LazySelect,5
500000,QuickSelect,3
500000,LazySelect,4
500000,QuickSelect,2
500000,LazySelect,4
500000,QuickSelect,3
500000,LazySelect,3
500000,QuickSelect,4
500000,LazySelect,3
500000,QuickSelect,2
500000,LazySelect,3
500000,QuickSelect,4
500000,LazySelect,3
500000,QuickSelect,5
500000,LazySelect,4
500000,QuickSelect,3
500000,LazySelect,4
500000,QuickSelect,3
500000,LazySelect,3
500000,QuickSelect,6
500000,LazySelect,4
500000,QuickSelect,4
500000,LazySelect,3
500000,QuickSelect,3
500000,LazySelect,4
500000,QuickSelect,5
500000,LazySelect,3
500000,QuickSelect,3
500000,LazySelect,4
500000,QuickSelect,4
500000,LazySelect,3
500000,QuickSelect,2
500000,LazySelect,3
500000,QuickSelect,4
500000,LazySelect,4
500000,QuickSelect,2
500000,LazySelect,3
500000,QuickSelect,4
500000,LazySelect,4
500000,QuickSelect,3
500000,LazySelect,3
500000,QuickSelect,2
500000,LazySelect,4
500000,QuickSelect,2
500000,LazySelect,2
500000,QuickSelect,3
500000,LazySelect,3
500000,QuickSelect,4
500000,LazySelect,3
500000,QuickSelect,3
500000,LazySelect,3
500000,QuickSelect,4
500000,LazySelect,4
500000,QuickSelect,3
500000,LazySelect,3
500000,QuickSelect,2
500000,LazySelect,3
500000,QuickSelect,3
500000,LazySelect,4
500000,QuickSelect,4
500000,LazySelect,4
1000000,QuickSelect,6
1000000,LazySelect,7
1000000,QuickSelect,8
1000000,LazySelect,8
1000000,QuickSelect,8
1000000,LazySelect,5
1000000,QuickSelect,8
1000000,LazySelect,8
1000000,QuickSelect,3
1000000,LazySelect,6
1000000,QuickSelect,9
1000000,LazySelect,7
1000000,QuickSelect,8
1000000,LazySelect,7
1000000,QuickSelect,8
1000000,LazySelect,7
1000000,QuickSelect,6
1000000,LazySelect,6
1000000,QuickSelect,7
1000000,LazySelect,8
1000000,QuickSelect,10
1000000,LazySelect,8
1000000,QuickSelect,6
1000000,LazySelect,6
1000000,QuickSelect,6
1000000,LazySelect,7
1000000,QuickSelect,8
1000000,LazySelect,7
1000000,QuickSelect,6
1000000,LazySelect,8
1000000,QuickSelect,5
1000000,LazySelect,7
1000000,QuickSelect,6
1000000,LazySelect,6
1000000,QuickSelect,4
1000000,LazySelect,6
1000000,QuickSelect,6
1000000,LazySelect,7
1000000,QuickSelect,8
1000000,LazySelect,6
1000000,QuickSelect,6
1000000,LazySelect,8
1000000,QuickSelect,7
1000000,LazySelect,8
1000000,QuickSelect,10
1000000,LazySelect,7
1000000,QuickSelect,1
1000000,LazySelect,4
1000000,QuickSelect,8
1000000,LazySelect,7
1000000,QuickSelect,4
1000000,LazySelect,5
1000000,QuickSelect,7
1000000,LazySelect,7
1000000,QuickSelect,9
1000000,LazySelect,8
1000000,QuickSelect,4
1000000,LazySelect,7
1000000,QuickSelect,6
1000000,LazySelect,6
1000000,QuickSelect,8
1000000,LazySelect,7
1000000,QuickSelect,5
1000000,LazySelect,6
1000000,QuickSelect,11
1000000,LazySelect,9
1000000,QuickSelect,7
1000000,LazySelect,7
1000000,QuickSelect,8
1000000,LazySelect,7
1000000,QuickSelect,8
1000000,LazySelect,8
1000000,QuickSelect,6
1000000,LazySelect,7
1000000,QuickSelect,7
1000000,LazySelect,7
1000000,QuickSelect,7
1000000,LazySelect,8
1000000,QuickSelect,7
1000000,LazySelect,6
1000000,QuickSelect,8
1000000,LazySelect,7
1000000,QuickSelect,6
1000000,LazySelect,8
1000000,QuickSelect,7
1000000,LazySelect,5
1000000,QuickSelect,8
1000000,LazySelect,8
1000000,QuickSelect,8
1000000,LazySelect,8
1000000,QuickSelect,1
1000000,LazySelect,4
1000000,QuickSelect,4
1000000,LazySelect,6
1000000,QuickSelect,7
1000000,LazySelect,6
1000000,QuickSelect,8
1000000,LazySelect,6
1000000,QuickSelect,9
1000000,LazySelect,6
1000000,QuickSelect,6
1000000,LazySelect,7
1000000,QuickSelect,10
1000000,LazySelect,8
1000000,QuickSelect,8
1000000,LazySelect,6
1000000,QuickSelect,2
1000000,LazySelect,5
1000000,QuickSelect,9
1000000,LazySelect,6
1000000,QuickSelect,7
1000000,LazySelect,8
1000000,QuickSelect,3
1000000,LazySelect,6
1000000,QuickSelect,5
1000000,LazySelect,4
1000000,QuickSelect,3
1000000,LazySelect,4
1000000,QuickSelect,6
1000000,LazySelect,5
1000000,QuickSelect,6
1000000,LazySelect,5
1000000,QuickSelect,7
1000000,LazySelect,5
1000000,QuickSelect,4
1000000,LazySelect,5
1000000,QuickSelect,7
1000000,LazySelect,5
1000000,QuickSelect,8
1000000,LazySelect,6
1000000,QuickSelect,5
1000000,LazySelect,5
1000000,QuickSelect,7
1000000,LazySelect,5
1000000,QuickSelect,8
1000000,LazySelect,6
1000000,QuickSelect,8
1000000,LazySelect,7
1000000,QuickSelect,7
1000000,LazySelect,6
1000000,QuickSelect,8
1000000,LazySelect,7
1000000,QuickSelect,11
1000000,LazySelect,7
1000000,QuickSelect,6
1000000,LazySelect,7
1000000,QuickSelect,7
1000000,LazySelect,6
1000000,QuickSelect,7
1000000,LazySelect,8
1000000,QuickSelect,8
1000000,LazySelect,8
1000000,QuickSelect,3
1000000,LazySelect,5
1000000,QuickSelect,5
1000000,LazySelect,6
1000000,QuickSelect,4
1000000,LazySelect,6
1000000,QuickSelect,3
1000000,LazySelect,7
1000000,QuickSelect,7
1000000,LazySelect,6
1000000,QuickSelect,8
1000000,LazySelect,11
1000000,QuickSelect,8
1000000,LazySelect,7
1000000,QuickSelect,7
1000000,LazySelect,6
1000000,QuickSelect,5
1000000,LazySelect,6
1000000,QuickSelect,5
1000000,LazySelect,8
1000000,QuickSelect,10
1000000,LazySelect,8
1000000,QuickSelect,7
1000000,LazySelect,7
1000000,QuickSelect,7
1000000,LazySelect,6
1000000,QuickSelect,7
1000000,LazySelect,7
1000000,QuickSelect,7
1000000,LazySelect,6
1000000,QuickSelect,8
1000000,LazySelect,8
1000000,QuickSelect,9
1000000,LazySelect,8
1000000,QuickSelect,9
1000000,LazySelect,7
1000000,QuickSelect,8
1000000,LazySelect,7
1000000,QuickSelect,8
1000000,LazySelect,8
1000000,QuickSelect,7
1000000,LazySelect,7
1000000,QuickSelect,8
1000000,LazySelect,8
1000000,QuickSelect,10
1000000,LazySelect,4
1000000,QuickSelect,8
1000000,LazySelect,7
1500000,QuickSelect,7
1500000,LazySelect,8
1500000,QuickSelect,3
1500000,LazySelect,8
1500000,QuickSelect,11
1500000,LazySelect,10
1500000,QuickSelect,14
1500000,LazySelect,7
1500000,QuickSelect,12
1500000,LazySelect,9
1500000,QuickSelect,11
1500000,LazySelect,10
1500000,QuickSelect,12
1500000,LazySelect,11
1500000,QuickSelect,15
1500000,LazySelect,9
1500000,QuickSelect,13
1500000,LazySelect,10
1500000,QuickSelect,8
1500000,LazySelect,9
1500000,QuickSelect,12
1500000,LazySelect,9
1500000,QuickSelect,16
1500000,LazySelect,13
1500000,QuickSelect,10
1500000,LazySelect,10
1500000,QuickSelect,11
1500000,LazySelect,10
1500000,QuickSelect,16
1500000,LazySelect,14
1500000,QuickSelect,14
1500000,LazySelect,12
1500000,QuickSelect,10
1500000,LazySelect,13
1500000,QuickSelect,13
1500000,LazySelect,10
1500000,QuickSelect,14
1500000,LazySelect,13
1500000,QuickSelect,17
1500000,LazySelect,10
1500000,QuickSelect,13
1500000,LazySelect,14
1500000,QuickSelect,15
1500000,LazySelect,12
1500000,QuickSelect,17
1500000,LazySelect,14
1500000,QuickSelect,12
1500000,LazySelect,11
1500000,QuickSelect,5
1500000,LazySelect,11
1500000,QuickSelect,14
1500000,LazySelect,11
1500000,QuickSelect,6
1500000,LazySelect,13
1500000,QuickSelect,15
1500000,LazySelect,9
1500000,QuickSelect,7
1500000,LazySelect,11
1500000,QuickSelect,8
1500000,LazySelect,9
1500000,QuickSelect,13
1500000,LazySelect,13
1500000,QuickSelect,10
1500000,LazySelect,9
1500000,QuickSelect,12
1500000,LazySelect,13
1500000,QuickSelect,10
1500000,LazySelect,9
1500000,QuickSelect,11
1500000,LazySelect,13
1500000,QuickSelect,16
1500000,LazySelect,13
1500000,QuickSelect,9
1500000,LazySelect,12
1500000,QuickSelect,6
1500000,LazySelect,14
1500000,QuickSelect,11
1500000,LazySelect,12
1500000,QuickSelect,12
1500000,LazySelect,12
1500000,QuickSelect,14
1500000,LazySelect,12
1500000,QuickSelect,12
1500000,LazySelect,12
1500000,QuickSelect,17
1500000,LazySelect,14
1500000,QuickSelect,12
1500000,LazySelect,14
1500000,QuickSelect,8
1500000,LazySelect,9
1500000,QuickSelect,14
1500000,LazySelect,13
1500000,QuickSelect,13
1500000,LazySelect,9
1500000,QuickSelect,10
1500000,LazySelect,9
1500000,QuickSelect,7
1500000,LazySelect,10
1500000,QuickSelect,15
1500000,LazySelect,10
1500000,QuickSelect,10
1500000,LazySelect,12
1500000,QuickSelect,10
1500000,LazySelect,11
1500000,QuickSelect,14
1500000,LazySelect,12
1500000,QuickSelect,11
1500000,LazySelect,12
1500000,QuickSelect,13
1500000,LazySelect,11
1500000,QuickSelect,11
1500000,LazySelect,11
1500000,QuickSelect,15
1500000,LazySelect,13
1500000,QuickSelect,9
1500000,LazySelect,13
1500000,QuickSelect,13
1500000,LazySelect,13
1500000,QuickSelect,12
1500000,LazySelect,11
1500000,QuickSelect,5
1500000,LazySelect,6
1500000,QuickSelect,10
1500000,LazySelect,8
1500000,QuickSelect,13
1500000,LazySelect,8
1500000,QuickSelect,12
1500000,LazySelect,11
1500000,QuickSelect,11
1500000,LazySelect,10
1500000,QuickSelect,12
1500000,LazySelect,12
1500000,QuickSelect,10
1500000,LazySelect,11
1500000,QuickSelect,7
1500000,LazySelect,10
1500000,QuickSelect,13
1500000,LazySelect,12
1500000,QuickSelect,10
1500000,LazySelect,10
1500000,QuickSelect,13
1500000,LazySelect,11
1500000,QuickSelect,12
1500000,LazySelect,10
1500000,QuickSelect,9
1500000,LazySelect,7
1500000,QuickSelect,11
1500000,LazySelect,11
1500000,QuickSelect,15
1500000,LazySelect,12
1500000,QuickSelect,8
1500000,LazySelect,16
1500000,QuickSelect,30
1500000,LazySelect,17
1500000,QuickSelect,15
1500000,LazySelect,12
1500000,QuickSelect,12
1500000,LazySelect,10
1500000,QuickSelect,16
1500000,LazySelect,13
1500000,QuickSelect,14
1500000,LazySelect,10
1500000,QuickSelect,10
1500000,LazySelect,11
1500000,QuickSelect,11
1500000,LazySelect,11
1500000,QuickSelect,11
1500000,LazySelect,8
1500000,QuickSelect,12
1500000,LazySelect,11
1500000,QuickSelect,8
1500000,LazySelect,9
1500000,QuickSelect,12
1500000,LazySelect,10
1500000,QuickSelect,10
1500000,LazySelect,10
1500000,QuickSelect,14
1500000,LazySelect,13
1500000,QuickSelect,8
1500000,LazySelect,10
1500000,QuickSelect,9
1500000,LazySelect,9
1500000,QuickSelect,11
1500000,LazySelect,10
1500000,QuickSelect,12
1500000,LazySelect,10
1500000,QuickSelect,12
1500000,LazySelect,10
1500000,QuickSelect,9
1500000,LazySelect,12
1500000,QuickSelect,13
1500000,LazySelect,13
1500000,QuickSelect,13
1500000,LazySelect,13
1500000,QuickSelect,12
1500000,LazySelect,10
1500000,QuickSelect,12
1500000,LazySelect,14
1500000,QuickSelect,15
1500000,LazySelect,18
2000000,QuickSelect,28
2000000,LazySelect,20
2000000,QuickSelect,12
2000000,LazySelect,13
2000000,QuickSelect,19
2000000,LazySelect,13
2000000,QuickSelect,12
2000000,LazySelect,16
2000000,QuickSelect,19
2000000,LazySelect,16
2000000,QuickSelect,11
2000000,LazySelect,7
2000000,QuickSelect,11
2000000,LazySelect,15
2000000,QuickSelect,17
2000000,LazySelect,10
2000000,QuickSelect,14
2000000,LazySelect,12
2000000,QuickSelect,15
2000000,LazySelect,14
2000000,QuickSelect,19
2000000,LazySelect,15
2000000,QuickSelect,14
2000000,LazySelect,13
2000000,QuickSelect,16
2000000,LazySelect,15
2000000,QuickSelect,16
2000000,LazySelect,14
2000000,QuickSelect,13
2000000,LazySelect,14
2000000,QuickSelect,11
2000000,LazySelect,10
2000000,QuickSelect,3
2000000,LazySelect,10
2000000,QuickSelect,8
2000000,LazySelect,10
2000000,QuickSelect,17
2000000,LazySelect,18
2000000,QuickSelect,13
2000000,LazySelect,11
2000000,QuickSelect,21
2000000,LazySelect,15
2000000,QuickSelect,10
2000000,LazySelect,11
2000000,QuickSelect,11
2000000,LazySelect,16
2000000,QuickSelect,16
2000000,LazySelect,17
2000000,QuickSelect,21
2000000,LazySelect,16
2000000,QuickSelect,14
2000000,LazySelect,16
2000000,QuickSelect,21
2000000,LazySelect,19
2000000,QuickSelect,13
2000000,LazySelect,18
2000000,QuickSelect,18
2000000,LazySelect,15
2000000,QuickSelect,18
2000000,LazySelect,19
2000000,QuickSelect,18
2000000,LazySelect,15
2000000,QuickSelect,11
2000000,LazySelect,18
2000000,QuickSelect,19
2000000,LazySelect,12
2000000,QuickSelect,18
2000000,LazySelect,20
2000000,QuickSelect,16
2000000,LazySelect,17
2000000,QuickSelect,19
2000000,LazySelect,15
2000000,QuickSelect,4
2000000,LazySelect,12
2000000,QuickSelect,17
2000000,LazySelect,12
2000000,QuickSelect,21
2000000,LazySelect,21
2000000,QuickSelect,15
2000000,LazySelect,15
2000000,QuickSelect,13
2000000,LazySelect,22
2000000,QuickSelect,19
2000000,LazySelect,16
2000000,QuickSelect,21
2000000,LazySelect,16
2000000,QuickSelect,21
2000000,LazySelect,21
2000000,QuickSelect,20
2000000,LazySelect,14
2000000,QuickSelect,23
2000000,LazySelect,14
2000000,QuickSelect,10
2000000,LazySelect,13
2000000,QuickSelect,12
2000000,LazySelect,12
2000000,QuickSelect,11
2000000,LazySelect,11
2000000,QuickSelect,13
2000000,LazySelect,13
2000000,QuickSelect,14
2000000,LazySelect,14
2000000,QuickSelect,16
2000000,LazySelect,11
2000000,QuickSelect,18
2000000,LazySelect,12
2000000,QuickSelect,6
2000000,LazySelect,11
2000000,QuickSelect,16
2000000,LazySelect,13
2000000,QuickSelect,14
2000000,LazySelect,15
2000000,QuickSelect,18
2000000,LazySelect,13
2000000,QuickSelect,17
2000000,LazySelect,14
2000000,QuickSelect,14
2000000,LazySelect,14
2000000,QuickSelect,15
2000000,LazySelect,13
2000000,QuickSelect,13
2000000,LazySelect,14
2000000,QuickSelect,7
2000000,LazySelect,10
2000000,QuickSelect,13
2000000,LazySelect,12
2000000,QuickSelect,18
2000000,LazySelect,15
2000000,QuickSelect,14
2000000,LazySelect,11
2000000,QuickSelect,10
2000000,LazySelect,11
2000000,QuickSelect,12
2000000,LazySelect,13
2000000,QuickSelect,17
2000000,LazySelect,15
2000000,QuickSelect,10
2000000,LazySelect,14
2000000,QuickSelect,20
2000000,LazySelect,12
2000000,QuickSelect,11
2000000,LazySelect,12
2000000,QuickSelect,12
2000000,LazySelect,15
2000000,QuickSelect,18
2000000,LazySelect,15
2000000,QuickSelect,15
2000000,LazySelect,13
2000000,QuickSelect,17
2000000,LazySelect,12
2000000,QuickSelect,13
2000000,LazySelect,12
2000000,QuickSelect,17
2000000,LazySelect,12
2000000,QuickSelect,19
2000000,LazySelect,14
2000000,QuickSelect,18
2000000,LazySelect,13
2000000,QuickSelect,12
2000000,LazySelect,10
2000000,QuickSelect,7
2000000,LazySelect,11
2000000,QuickSelect,15
2000000,LazySelect,15
2000000,QuickSelect,15
2000000,LazySelect,15
2000000,QuickSelect,14
2000000,LazySelect,16
2000000,QuickSelect,16
2000000,LazySelect,13
2000000,QuickSelect,20
2000000,LazySelect,12
2000000,QuickSelect,17
2000000,LazySelect,11
2000000,QuickSelect,12
2000000,LazySelect,10
2000000,QuickSelect,17
2000000,LazySelect,13
2000000,QuickSelect,15
2000000,LazySelect,14
2000000,QuickSelect,16
2000000,LazySelect,15
2000000,QuickSelect,16
2000000,LazySelect,10
2000000,QuickSelect,16
2000000,LazySelect,7
2000000,QuickSelect,14
2000000,LazySelect,10
2000000,QuickSelect,14
2000000,LazySelect,12
2000000,QuickSelect,15
2000000,LazySelect,15
2000000,QuickSelect,15
2000000,LazySelect,15
2000000,QuickSelect,11
2000000,LazySelect,15
2000000,QuickSelect,11
2000000,LazySelect,14
2000000,QuickSelect,18
2000000,LazySelect,14
2500000,QuickSelect,20
2500000,LazySelect,17
2500000,QuickSelect,19
2500000,LazySelect,18
2500000,QuickSelect,24
2500000,LazySelect,14
2500000,QuickSelect,22
2500000,LazySelect,14
2500000,QuickSelect,20
2500000,LazySelect,15
2500000,QuickSelect,19
2500000,LazySelect,19
2500000,QuickSelect,19
2500000,LazySelect,19
2500000,QuickSelect,15
2500000,LazySelect,13
2500000,QuickSelect,11
2500000,LazySelect,14
2500000,QuickSelect,20
2500000,LazySelect,13
2500000,QuickSelect,19
2500000,LazySelect,13
2500000,QuickSelect,17
2500000,LazySelect,15
2500000,QuickSelect,21
2500000,LazySelect,15
2500000,QuickSelect,21
2500000,LazySelect,17
2500000,QuickSelect,22
2500000,LazySelect,16
2500000,QuickSelect,22
2500000,LazySelect,18
2500000,QuickSelect,22
2500000,LazySelect,16
2500000,QuickSelect,19
2500000,LazySelect,18
2500000,QuickSelect,26
2500000,LazySelect,17
2500000,QuickSelect,14
2500000,LazySelect,12
2500000,QuickSelect,18
2500000,LazySelect,18
2500000,QuickSelect,22
2500000,LazySelect,16
2500000,QuickSelect,21
2500000,LazySelect,18
2500000,QuickSelect,17
2500000,LazySelect,13
2500000,QuickSelect,11
2500000,LazySelect,15
2500000,QuickSelect,9
2500000,LazySelect,12
2500000,QuickSelect,24
2500000,LazySelect,18
2500000,QuickSelect,17
2500000,LazySelect,18
2500000,QuickSelect,18
2500000,LazySelect,17
2500000,QuickSelect,22
2500000,LazySelect,17
2500000,QuickSelect,15
2500000,LazySelect,16
2500000,QuickSelect,18
2500000,LazySelect,14
2500000,QuickSelect,20
2500000,LazySelect,14
2500000,QuickSelect,17
2500000,LazySelect,13
2500000,QuickSelect,20
2500000,LazySelect,15
2500000,QuickSelect,21
2500000,LazySelect,16
2500000,QuickSelect,19
2500000,LazySelect,17
2500000,QuickSelect,18
2500000,LazySelect,14
2500000,QuickSelect,21
2500000,LazySelect,18
2500000,QuickSelect,22
2500000,LazySelect,18
2500000,QuickSelect,11
2500000,LazySelect,15
2500000,QuickSelect,10
2500000,LazySelect,12
2500000,QuickSelect,21
2500000,LazySelect,14
2500000,QuickSelect,24
2500000,LazySelect,14
2500000,QuickSelect,26
2500000,LazySelect,16
2500000,QuickSelect,21
2500000,LazySelect,13
2500000,QuickSelect,24
2500000,LazySelect,18
2500000,QuickSelect,20
2500000,LazySelect,18
2500000,QuickSelect,20
2500000,LazySelect,19
2500000,QuickSelect,19
2500000,LazySelect,16
2500000,QuickSelect,27
2500000,LazySelect,14
2500000,QuickSelect,30
2500000,LazySelect,31
2500000,QuickSelect,10
2500000,LazySelect,20
2500000,QuickSelect,20
2500000,LazySelect,17
2500000,QuickSelect,17
2500000,LazySelect,19
2500000,QuickSelect,13
2500000,LazySelect,17
2500000,QuickSelect,22
2500000,LazySelect,19
2500000,QuickSelect,14
2500000,LazySelect,14
2500000,QuickSelect,20
2500000,LazySelect,14
2500000,QuickSelect,16
2500000,LazySelect,19
2500000,QuickSelect,9
2500000,LazySelect,12
2500000,QuickSelect,20
2500000,LazySelect,14
2500000,QuickSelect,27
2500000,LazySelect,18
2500000,QuickSelect,13
2500000,LazySelect,16
2500000,QuickSelect,11
2500000,LazySelect,14
2500000,QuickSelect,13
2500000,LazySelect,21
2500000,QuickSelect,20
2500000,LazySelect,17
2500000,QuickSelect,7
2500000,LazySelect,15
2500000,QuickSelect,23
2500000,LazySelect,17
2500000,QuickSelect,14
2500000,LazySelect,13
2500000,QuickSelect,21
2500000,LazySelect,15
2500000,QuickSelect,17
2500000,LazySelect,18
2500000,QuickSelect,20
2500000,LazySelect,15
2500000,QuickSelect,9
2500000,LazySelect,14
2500000,QuickSelect,19
2500000,LazySelect,17
2500000,QuickSelect,17
2500000,LazySelect,16
2500000,QuickSelect,18
2500000,LazySelect,14
2500000,QuickSelect,20
2500000,LazySelect,15
2500000,QuickSelect,14
2500000,LazySelect,18
2500000,QuickSelect,19
2500000,LazySelect,13
2500000,QuickSelect,11
2500000,LazySelect,13
2500000,QuickSelect,21
2500000,LazySelect,12
2500000,QuickSelect,14
2500000,LazySelect,15
2500000,QuickSelect,23
2500000,LazySelect,18
2500000,QuickSelect,17
2500000,LazySelect,14
2500000,QuickSelect,19
2500000,LazySelect,15
2500000,QuickSelect,20
2500000,LazySelect,19
2500000,QuickSelect,20
2500000,LazySelect,17
2500000,QuickSelect,26
2500000,LazySelect,21
2500000,QuickSelect,28
2500000,LazySelect,23
2500000,QuickSelect,18
2500000,LazySelect,16
2500000,QuickSelect,19
2500000,LazySelect,17
2500000,QuickSelect,19
2500000,LazySelect,22
2500000,QuickSelect,14
2500000,LazySelect,16
2500000,QuickSelect,20
2500000,LazySelect,17
2500000,QuickSelect,19
2500000,LazySelect,16
2500000,QuickSelect,24
2500000,LazySelect,16
2500000,QuickSelect,22
2500000,LazySelect,17
2500000,QuickSelect,20
2500000,LazySelect,17
2500000,QuickSelect,19
2500000,LazySelect,18
3000000,QuickSelect,15
3000000,LazySelect,22
3000000,QuickSelect,24
3000000,LazySelect,25
3000000,QuickSelect,17
3000000,LazySelect,11
3000000,QuickSelect,23
3000000,LazySelect,14
3000000,QuickSelect,18
3000000,LazySelect,15
3000000,QuickSelect,29
3000000,LazySelect,24
3000000,QuickSelect,28
3000000,LazySelect,16
3000000,QuickSelect,26
3000000,LazySelect,16
3000000,QuickSelect,25
3000000,LazySelect,21
3000000,QuickSelect,27
3000000,LazySelect,17
3000000,QuickSelect,12
3000000,LazySelect,13
3000000,QuickSelect,14
3000000,LazySelect,16
3000000,QuickSelect,16
3000000,LazySelect,22
3000000,QuickSelect,25
3000000,LazySelect,18
3000000,QuickSelect,25
3000000,LazySelect,27
3000000,QuickSelect,28
3000000,LazySelect,19
3000000,QuickSelect,14
3000000,LazySelect,16
3000000,QuickSelect,5
3000000,LazySelect,14
3000000,QuickSelect,35
3000000,LazySelect,20
3000000,QuickSelect,20
3000000,LazySelect,25
3000000,QuickSelect,28
3000000,LazySelect,20
3000000,QuickSelect,25
3000000,LazySelect,21
3000000,QuickSelect,8
3000000,LazySelect,17
3000000,QuickSelect,21
3000000,LazySelect,18
3000000,QuickSelect,16
3000000,LazySelect,24
3000000,QuickSelect,33
3000000,LazySelect,22
3000000,QuickSelect,28
3000000,LazySelect,19
3000000,QuickSelect,15
3000000,LazySelect,14
3000000,QuickSelect,20
3000000,LazySelect,17
3000000,QuickSelect,24
3000000,LazySelect,22
3000000,QuickSelect,20
3000000,LazySelect,14
3000000,QuickSelect,21
3000000,LazySelect,18
3000000,QuickSelect,14
3000000,LazySelect,13
3000000,QuickSelect,29
3000000,LazySelect,20
3000000,QuickSelect,25
3000000,LazySelect,20
3000000,QuickSelect,26
3000000,LazySelect,16
3000000,QuickSelect,25
3000000,LazySelect,17
3000000,QuickSelect,22
3000000,LazySelect,14
3000000,QuickSelect,21
3000000,LazySelect,18
3000000,QuickSelect,23
3000000,LazySelect,10
3000000,QuickSelect,16
3000000,LazySelect,15
3000000,QuickSelect,23
3000000,LazySelect,23
3000000,QuickSelect,25
3000000,LazySelect,17
3000000,QuickSelect,20
3000000,LazySelect,14
3000000,QuickSelect,20
3000000,LazySelect,15
3000000,QuickSelect,25
3000000,LazySelect,23
3000000,QuickSelect,24
3000000,LazySelect,21
3000000,QuickSelect,13
3000000,LazySelect,17
3000000,QuickSelect,25
3000000,LazySelect,14
3000000,QuickSelect,31
3000000,LazySelect,22
3000000,QuickSelect,22
3000000,LazySelect,14
3000000,QuickSelect,28
3000000,LazySelect,21
3000000,QuickSelect,24
3000000,LazySelect,21
3000000,QuickSelect,30
3000000,LazySelect,20
3000000,QuickSelect,16
3000000,LazySelect,22
3000000,QuickSelect,23
3000000,LazySelect,22
3000000,QuickSelect,26
3000000,LazySelect,22
3000000,QuickSelect,19
3000000,LazySelect,18
3000000,QuickSelect,23
3000000,LazySelect,22
3000000,QuickSelect,24
3000000,LazySelect,18
3000000,QuickSelect,10
3000000,LazySelect,16
3000000,QuickSelect,19
3000000,LazySelect,21
3000000,QuickSelect,22
3000000,LazySelect,21
3000000,QuickSelect,24
3000000,LazySelect,18
3000000,QuickSelect,21
3000000,LazySelect,22
3000000,QuickSelect,29
3000000,LazySelect,20
3000000,QuickSelect,27
3000000,LazySelect,20
3000000,QuickSelect,30
3000000,LazySelect,19
3000000,QuickSelect,22
3000000,LazySelect,22
3000000,QuickSelect,22
3000000,LazySelect,16
3000000,QuickSelect,17
3000000,LazySelect,16
3000000,QuickSelect,16
3000000,LazySelect,19
3000000,QuickSelect,27
3000000,LazySelect,19
3000000,QuickSelect,25
3000000,LazySelect,21
3000000,QuickSelect,27
3000000,LazySelect,15
3000000,QuickSelect,21
3000000,LazySelect,16
3000000,QuickSelect,15
3000000,LazySelect,14
3000000,QuickSelect,27
3000000,LazySelect,22
3000000,QuickSelect,26
3000000,LazySelect,16
3000000,QuickSelect,19
3000000,LazySelect,10
3000000,QuickSelect,30
3000000,LazySelect,21
3000000,QuickSelect,23
3000000,LazySelect,13
3000000,QuickSelect,30
3000000,LazySelect,19
3000000,QuickSelect,13
3000000,LazySelect,12
3000000,QuickSelect,19
3000000,LazySelect,17
3000000,QuickSelect,26
3000000,LazySelect,17
3000000,QuickSelect,20
3000000,LazySelect,23
3000000,QuickSelect,23
3000000,LazySelect,20
3000000,QuickSelect,24
3000000,LazySelect,20
3000000,QuickSelect,22
3000000,LazySelect,17
3000000,QuickSelect,16
3000000,LazySelect,11
3000000,QuickSelect,22
3000000,LazySelect,22
3000000,QuickSelect,19
3000000,LazySelect,22
3000000,QuickSelect,32
3000000,LazySelect,19
3000000,QuickSelect,13
3000000,LazySelect,10
3000000,QuickSelect,24
3000000,LazySelect,15
3000000,QuickSelect,28
3000000,LazySelect,21
3000000,QuickSelect,25
3000000,LazySelect,19
3000000,QuickSelect,25
3000000,LazySelect,19
3000000,QuickSelect,18
3000000,LazySelect,22
3500000,QuickSelect,25
3500000,LazySelect,23
3500000,QuickSelect,30
3500000,LazySelect,21
3500000,QuickSelect,35
3500000,LazySelect,22
3500000,QuickSelect,30
3500000,LazySelect,25
3500000,QuickSelect,26
3500000,LazySelect,15
3500000,QuickSelect,20
3500000,LazySelect,17
3500000,QuickSelect,34
3500000,LazySelect,17
3500000,QuickSelect,25
3500000,LazySelect,26
3500000,QuickSelect,23
3500000,LazySelect,20
3500000,QuickSelect,10
3500000,LazySelect,16
3500000,QuickSelect,23
3500000,LazySelect,24
3500000,QuickSelect,33
3500000,LazySelect,24
3500000,QuickSelect,21
3500000,LazySelect,23
3500000,QuickSelect,24
3500000,LazySelect,18
3500000,QuickSelect,17
3500000,LazySelect,18
3500000,QuickSelect,14
3500000,LazySelect,19
3500000,QuickSelect,28
3500000,LazySelect,21
3500000,QuickSelect,34
3500000,LazySelect,25
3500000,QuickSelect,25
3500000,LazySelect,22
3500000,QuickSelect,21
3500000,LazySelect,12
3500000,QuickSelect,20
3500000,LazySelect,18
3500000,QuickSelect,20
3500000,LazySelect,22
3500000,QuickSelect,22
3500000,LazySelect,25
3500000,QuickSelect,31
3500000,LazySelect,22
3500000,QuickSelect,29
3500000,LazySelect,17
3500000,QuickSelect,20
3500000,LazySelect,25
3500000,QuickSelect,32
3500000,LazySelect,22
3500000,QuickSelect,24
3500000,LazySelect,22
3500000,QuickSelect,17
3500000,LazySelect,18
3500000,QuickSelect,30
3500000,LazySelect,16
3500000,QuickSelect,28
3500000,LazySelect,25
3500000,QuickSelect,30
3500000,LazySelect,19
3500000,QuickSelect,29
3500000,LazySelect,23
3500000,QuickSelect,34
3500000,LazySelect,26
3500000,QuickSelect,28
3500000,LazySelect,25
3500000,QuickSelect,23
3500000,LazySelect,24
3500000,QuickSelect,25
3500000,LazySelect,19
3500000,QuickSelect,20
3500000,LazySelect,25
3500000,QuickSelect,20
3500000,LazySelect,19
3500000,QuickSelect,28
3500000,LazySelect,21
3500000,QuickSelect,18
3500000,LazySelect,14
3500000,QuickSelect,29
3500000,LazySelect,18
3500000,QuickSelect,32
3500000,LazySelect,25
3500000,QuickSelect,31
3500000,LazySelect,25
3500000,QuickSelect,21
3500000,LazySelect,19
3500000,QuickSelect,18
3500000,LazySelect,17
3500000,QuickSelect,35
3500000,LazySelect,24
3500000,QuickSelect,22
3500000,LazySelect,23
3500000,QuickSelect,28
3500000,LazySelect,24
3500000,QuickSelect,31
3500000,LazySelect,20
3500000,QuickSelect,23
3500000,LazySelect,21
3500000,QuickSelect,35
3500000,LazySelect,29
3500000,QuickSelect,14
3500000,LazySelect,22
3500000,QuickSelect,32
3500000,LazySelect,25
3500000,QuickSelect,31
3500000,LazySelect,21
3500000,QuickSelect,35
3500000,LazySelect,23
3500000,QuickSelect,32
3500000,LazySelect,25
3500000,QuickSelect,31
3500000,LazySelect,24
3500000,QuickSelect,34
3500000,LazySelect,22
3500000,QuickSelect,26
3500000,LazySelect,20
3500000,QuickSelect,25
3500000,LazySelect,11
3500000,QuickSelect,26
3500000,LazySelect,22
3500000,QuickSelect,23
3500000,LazySelect,14
3500000,QuickSelect,31
3500000,LazySelect,21
3500000,QuickSelect,30
3500000,LazySelect,18
3500000,QuickSelect,28
3500000,LazySelect,24
3500000,QuickSelect,34
3500000,LazySelect,20
3500000,QuickSelect,6
3500000,LazySelect,16
3500000,QuickSelect,18
3500000,LazySelect,22
3500000,QuickSelect,33
3500000,LazySelect,20
3500000,QuickSelect,21
3500000,LazySelect,18
3500000,QuickSelect,32
3500000,LazySelect,18
3500000,QuickSelect,29
3500000,LazySelect,19
3500000,QuickSelect,18
3500000,LazySelect,19
3500000,QuickSelect,37
3500000,LazySelect,19
3500000,QuickSelect,28
3500000,LazySelect,23
3500000,QuickSelect,28
3500000,LazySelect,21
3500000,QuickSelect,32
3500000,LazySelect,26
3500000,QuickSelect,17
3500000,LazySelect,16
3500000,QuickSelect,16
3500000,LazySelect,23
3500000,QuickSelect,20
3500000,LazySelect,23
3500000,QuickSelect,20
3500000,LazySelect,22
3500000,QuickSelect,27
3500000,LazySelect,24
3500000,QuickSelect,24
3500000,LazySelect,16
3500000,QuickSelect,31
3500000,LazySelect,26
3500000,QuickSelect,31
3500000,LazySelect,17
3500000,QuickSelect,29
3500000,LazySelect,21
3500000,QuickSelect,22
3500000,LazySelect,25
3500000,QuickSelect,23
3500000,LazySelect,18
3500000,QuickSelect,19
3500000,LazySelect,18
3500000,QuickSelect,33
3500000,LazySelect,25
3500000,QuickSelect,31
3500000,LazySelect,23
3500000,QuickSelect,30
3500000,LazySelect,19
3500000,QuickSelect,33
3500000,LazySelect,22
3500000,QuickSelect,24
3500000,LazySelect,26
3500000,QuickSelect,31
3500000,LazySelect,27
3500000,QuickSelect,32
3500000,LazySelect,21
3500000,QuickSelect,26
3500000,LazySelect,19
3500000,QuickSelect,30
3500000,LazySelect,26
3500000,QuickSelect,31
3500000,LazySelect,23
4000000,QuickSelect,38
4000000,LazySelect,28
4000000,QuickSelect,44
4000000,LazySelect,30
4000000,QuickSelect,33
4000000,LazySelect,25
4000000,QuickSelect,45
4000000,LazySelect,33
4000000,QuickSelect,28
4000000,LazySelect,25
4000000,QuickSelect,17
4000000,LazySelect,21
4000000,QuickSelect,41
4000000,LazySelect,27
4000000,QuickSelect,30
4000000,LazySelect,20
4000000,QuickSelect,16
4000000,LazySelect,21
4000000,QuickSelect,28
4000000,LazySelect,26
4000000,QuickSelect,28
4000000,LazySelect,26
4000000,QuickSelect,36
4000000,LazySelect,27
4000000,QuickSelect,35
4000000,LazySelect,25
4000000,QuickSelect,23
4000000,LazySelect,29
4000000,QuickSelect,22
4000000,LazySelect,15
4000000,QuickSelect,26
4000000,LazySelect,16
4000000,QuickSelect,37
4000000,LazySelect,23
4000000,QuickSelect,20
4000000,LazySelect,13
4000000,QuickSelect,29
4000000,LazySelect,19
4000000,QuickSelect,26
4000000,LazySelect,21
4000000,QuickSelect,25
4000000,LazySelect,24
4000000,QuickSelect,31
4000000,LazySelect,22
4000000,QuickSelect,21
4000000,LazySelect,18
4000000,QuickSelect,32
4000000,LazySelect,30
4000000,QuickSelect,10
4000000,LazySelect,18
4000000,QuickSelect,27
4000000,LazySelect,29
4000000,QuickSelect,30
4000000,LazySelect,21
4000000,QuickSelect,31
4000000,LazySelect,29
4000000,QuickSelect,29
4000000,LazySelect,28
4000000,QuickSelect,29
4000000,LazySelect,15
4000000,QuickSelect,41
4000000,LazySelect,29
4000000,QuickSelect,37
4000000,LazySelect,28
4000000,QuickSelect,35
4000000,LazySelect,19
4000000,QuickSelect,31
4000000,LazySelect,29
4000000,QuickSelect,33
4000000,LazySelect,28
4000000,QuickSelect,26
4000000,LazySelect,21
4000000,QuickSelect,34
4000000,LazySelect,24
4000000,QuickSelect,38
4000000,LazySelect,27
4000000,QuickSelect,31
4000000,LazySelect,25
4000000,QuickSelect,38
4000000,LazySelect,23
4000000,QuickSelect,30
4000000,LazySelect,28
4000000,QuickSelect,33
4000000,LazySelect,25
4000000,QuickSelect,27
4000000,LazySelect,26
4000000,QuickSelect,44
4000000,LazySelect,22
4000000,QuickSelect,35
4000000,LazySelect,31
4000000,QuickSelect,12
4000000,LazySelect,16
4000000,QuickSelect,41
4000000,LazySelect,25
4000000,QuickSelect,31
4000000,LazySelect,24
4000000,QuickSelect,38
4000000,LazySelect,21
4000000,QuickSelect,37
4000000,LazySelect,31
4000000,QuickSelect,32
4000000,LazySelect,27
4000000,QuickSelect,29
4000000,LazySelect,20
4000000,QuickSelect,17
4000000,LazySelect,20
4000000,QuickSelect,16
4000000,LazySelect,17
4000000,QuickSelect,19
4000000,LazySelect,17
4000000,QuickSelect,35
4000000,LazySelect,25
4000000,QuickSelect,27
4000000,LazySelect,30
4000000,QuickSelect,31
4000000,LazySelect,28
4000000,QuickSelect,32
4000000,LazySelect,26
4000000,QuickSelect,28
4000000,LazySelect,22
4000000,QuickSelect,27
4000000,LazySelect,19
4000000,QuickSelect,25
4000000,LazySelect,20
4000000,QuickSelect,36
4000000,LazySelect,26
4000000,QuickSelect,28
4000000,LazySelect,24
4000000,QuickSelect,23
4000000,LazySelect,17
4000000,QuickSelect,38
4000000,LazySelect,27
4000000,QuickSelect,31
4000000,LazySelect,28
4000000,QuickSelect,33
4000000,LazySelect,27
4000000,QuickSelect,29
4000000,LazySelect,25
4000000,QuickSelect,30
4000000,LazySelect,23
4000000,QuickSelect,13
4000000,LazySelect,23
4000000,QuickSelect,42
4000000,LazySelect,31
4000000,QuickSelect,32
4000000,LazySelect,26
4000000,QuickSelect,31
4000000,LazySelect,28
4000000,QuickSelect,17
4000000,LazySelect,21
4000000,QuickSelect,41
4000000,LazySelect,27
4000000,QuickSelect,20
4000000,LazySelect,20
4000000,QuickSelect,27
4000000,LazySelect,24
4000000,QuickSelect,28
4000000,LazySelect,20
4000000,QuickSelect,24
4000000,LazySelect,28
4000000,QuickSelect,38
4000000,LazySelect,19
4000000,QuickSelect,32
4000000,LazySelect,21
4000000,QuickSelect,32
4000000,LazySelect,13
4000000,QuickSelect,32
4000000,LazySelect,27
4000000,QuickSelect,33
4000000,LazySelect,25
4000000,QuickSelect,31
4000000,LazySelect,28
4000000,QuickSelect,31
4000000,LazySelect,19
4000000,QuickSelect,31
4000000,LazySelect,20
4000000,QuickSelect,32
4000000,LazySelect,14
4000000,QuickSelect,29
4000000,LazySelect,23
4000000,QuickSelect,34
4000000,LazySelect,24
4000000,QuickSelect,35
4000000,LazySelect,29
4000000,QuickSelect,34
4000000,LazySelect,18
4000000,QuickSelect,23
4000000,LazySelect,21
4000000,QuickSelect,44
4000000,LazySelect,30
4000000,QuickSelect,13
4000000,LazySelect,18
4000000,QuickSelect,38
4000000,LazySelect,32
4000000,QuickSelect,25
4000000,LazySelect,32
4000000,QuickSelect,36
4000000,LazySelect,26
4000000,QuickSelect,35
4000000,LazySelect,25
4500000,QuickSelect,35
4500000,LazySelect,27
4500000,QuickSelect,42
4500000,LazySelect,22
4500000,QuickSelect,49
4500000,LazySelect,23
4500000,QuickSelect,38
4500000,LazySelect,21
4500000,QuickSelect,40
4500000,LazySelect,25
4500000,QuickSelect,42
4500000,LazySelect,30
4500000,QuickSelect,13
4500000,LazySelect,17
4500000,QuickSelect,29
4500000,LazySelect,26
4500000,QuickSelect,35
4500000,LazySelect,27
4500000,QuickSelect,33
4500000,LazySelect,20
4500000,QuickSelect,23
4500000,LazySelect,27
4500000,QuickSelect,38
4500000,LazySelect,30
4500000,QuickSelect,20
4500000,LazySelect,19
4500000,QuickSelect,11
4500000,LazySelect,20
4500000,QuickSelect,36
4500000,LazySelect,22
4500000,QuickSelect,34
4500000,LazySelect,24
4500000,QuickSelect,34
4500000,LazySelect,32
4500000,QuickSelect,35
4500000,LazySelect,24
4500000,QuickSelect,35
4500000,LazySelect,30
4500000,QuickSelect,31
4500000,LazySelect,25
4500000,QuickSelect,29
4500000,LazySelect,25
4500000,QuickSelect,39
4500000,LazySelect,31
4500000,QuickSelect,45
4500000,LazySelect,32
4500000,QuickSelect,24
4500000,LazySelect,31
4500000,QuickSelect,31
4500000,LazySelect,31
4500000,QuickSelect,35
4500000,LazySelect,27
4500000,QuickSelect,42
4500000,LazySelect,32
4500000,QuickSelect,40
4500000,LazySelect,27
4500000,QuickSelect,40
4500000,LazySelect,31
4500000,QuickSelect,38
4500000,LazySelect,32
4500000,QuickSelect,23
4500000,LazySelect,22
4500000,QuickSelect,36
4500000,LazySelect,24
4500000,QuickSelect,47
4500000,LazySelect,24
4500000,QuickSelect,29
4500000,LazySelect,19
4500000,QuickSelect,43
4500000,LazySelect,26
4500000,QuickSelect,41
4500000,LazySelect,28
4500000,QuickSelect,37
4500000,LazySelect,25
4500000,QuickSelect,45
4500000,LazySelect,23
4500000,QuickSelect,35
4500000,LazySelect,21
4500000,QuickSelect,32
4500000,LazySelect,30
4500000,QuickSelect,39
4500000,LazySelect,32
4500000,QuickSelect,32
4500000,LazySelect,30
4500000,QuickSelect,41
4500000,LazySelect,23
4500000,QuickSelect,31
4500000,LazySelect,27
4500000,QuickSelect,43
4500000,LazySelect,32
4500000,QuickSelect,19
4500000,LazySelect,21
4500000,QuickSelect,42
4500000,LazySelect,24
4500000,QuickSelect,32
4500000,LazySelect,30
4500000,QuickSelect,16
4500000,LazySelect,21
4500000,QuickSelect,36
4500000,LazySelect,29
4500000,QuickSelect,23
4500000,LazySelect,16
4500000,QuickSelect,26
4500000,LazySelect,30
4500000,QuickSelect,47
4500000,LazySelect,30
4500000,QuickSelect,33
4500000,LazySelect,23
4500000,QuickSelect,34
4500000,LazySelect,32
4500000,QuickSelect,19
4500000,LazySelect,28
4500000,QuickSelect,23
4500000,LazySelect,21
4500000,QuickSelect,38
4500000,LazySelect,31
4500000,QuickSelect,35
4500000,LazySelect,32
4500000,QuickSelect,40
4500000,LazySelect,30
4500000,QuickSelect,38
4500000,LazySelect,26
4500000,QuickSelect,29
4500000,LazySelect,23
4500000,QuickSelect,15
4500000,LazySelect,19
4500000,QuickSelect,31
4500000,LazySelect,25
4500000,QuickSelect,25
4500000,LazySelect,32
4500000,QuickSelect,28
4500000,LazySelect,32
4500000,QuickSelect,44
4500000,LazySelect,33
4500000,QuickSelect,34
4500000,LazySelect,32
4500000,QuickSelect,25
4500000,LazySelect,16
4500000,QuickSelect,41
4500000,LazySelect,33
4500000,QuickSelect,23
4500000,LazySelect,25
4500000,QuickSelect,39
4500000,LazySelect,25
4500000,QuickSelect,36
4500000,LazySelect,18
4500000,QuickSelect,27
4500000,LazySelect,21
4500000,QuickSelect,30
4500000,LazySelect,25
4500000,QuickSelect,51
4500000,LazySelect,28
4500000,QuickSelect,37
4500000,LazySelect,32
4500000,QuickSelect,37
4500000,LazySelect,24
4500000,QuickSelect,27
4500000,LazySelect,24
4500000,QuickSelect,54
4500000,LazySelect,33
4500000,QuickSelect,32
4500000,LazySelect,23
4500000,QuickSelect,22
4500000,LazySelect,27
4500000,QuickSelect,42
4500000,LazySelect,29
4500000,QuickSelect,27
4500000,LazySelect,19
4500000,QuickSelect,32
4500000,LazySelect,30
4500000,QuickSelect,11
4500000,LazySelect,20
4500000,QuickSelect,29
4500000,LazySelect,33
4500000,QuickSelect,25
4500000,LazySelect,22
4500000,QuickSelect,38
4500000,LazySelect,25
4500000,QuickSelect,22
4500000,LazySelect,20
4500000,QuickSelect,20
4500000,LazySelect,22
4500000,QuickSelect,45
4500000,LazySelect,27
4500000,QuickSelect,24
4500000,LazySelect,22
4500000,QuickSelect,29
4500000,LazySelect,23
4500000,QuickSelect,44
4500000,LazySelect,27
4500000,QuickSelect,47
4500000,LazySelect,25
4500000,QuickSelect,28
4500000,LazySelect,24
4500000,QuickSelect,42
4500000,LazySelect,21
4500000,QuickSelect,30
4500000,LazySelect,24
4500000,QuickSelect,35
4500000,LazySelect,27
5000000,QuickSelect,36
5000000,LazySelect,27
5000000,QuickSelect,42
5000000,LazySelect,32
5000000,QuickSelect,39
5000000,LazySelect,35
5000000,QuickSelect,38
5000000,LazySelect,25
5000000,QuickSelect,50
5000000,LazySelect,38
5000000,QuickSelect,42
5000000,LazySelect,30
5000000,QuickSelect,32
5000000,LazySelect,25
5000000,QuickSelect,26
5000000,LazySelect,32
5000000,QuickSelect,20
5000000,LazySelect,24
5000000,QuickSelect,43
5000000,LazySelect,38
5000000,QuickSelect,47
5000000,LazySelect,27
5000000,QuickSelect,42
5000000,LazySelect,36
5000000,QuickSelect,47
5000000,LazySelect,43
5000000,QuickSelect,62
5000000,LazySelect,37
5000000,QuickSelect,46
5000000,LazySelect,40
5000000,QuickSelect,18
5000000,LazySelect,26
5000000,QuickSelect,17
5000000,LazySelect,27
5000000,QuickSelect,16
5000000,LazySelect,25
5000000,QuickSelect,29
5000000,LazySelect,22
5000000,QuickSelect,27
5000000,LazySelect,31
5000000,QuickSelect,43
5000000,LazySelect,28
5000000,QuickSelect,31
5000000,LazySelect,25
5000000,QuickSelect,40
5000000,LazySelect,29
5000000,QuickSelect,46
5000000,LazySelect,29
5000000,QuickSelect,40
5000000,LazySelect,35
5000000,QuickSelect,66
5000000,LazySelect,37
5000000,QuickSelect,50
5000000,LazySelect,31
5000000,QuickSelect,46
5000000,LazySelect,29
5000000,QuickSelect,37
5000000,LazySelect,29
5000000,QuickSelect,43
5000000,LazySelect,32
5000000,QuickSelect,28
5000000,LazySelect,25
5000000,QuickSelect,38
5000000,LazySelect,34
5000000,QuickSelect,23
5000000,LazySelect,17
5000000,QuickSelect,44
5000000,LazySelect,24
5000000,QuickSelect,48
5000000,LazySelect,34
5000000,QuickSelect,16
5000000,LazySelect,25
5000000,QuickSelect,35
5000000,LazySelect,25
5000000,QuickSelect,46
5000000,LazySelect,33
5000000,QuickSelect,24
5000000,LazySelect,25
5000000,QuickSelect,51
5000000,LazySelect,34
5000000,QuickSelect,37
5000000,LazySelect,33
5000000,QuickSelect,41
5000000,LazySelect,25
5000000,QuickSelect,47
5000000,LazySelect,29
5000000,QuickSelect,28
5000000,LazySelect,26
5000000,QuickSelect,39
5000000,LazySelect,33
5000000,QuickSelect,36
5000000,LazySelect,28
5000000,QuickSelect,48
5000000,LazySelect,32
5000000,QuickSelect,23
5000000,LazySelect,23
5000000,QuickSelect,46
5000000,LazySelect,32
5000000,QuickSelect,44
5000000,LazySelect,33
5000000,QuickSelect,13
5000000,LazySelect,20
5000000,QuickSelect,49
5000000,LazySelect,35
5000000,QuickSelect,37
5000000,LazySelect,29
5000000,QuickSelect,29
5000000,LazySelect,24
5000000,QuickSelect,49
5000000,LazySelect,31
5000000,QuickSelect,34
5000000,LazySelect,21
5000000,QuickSelect,45
5000000,LazySelect,33
5000000,QuickSelect,43
5000000,LazySelect,25
5000000,QuickSelect,33
5000000,LazySelect,27
5000000,QuickSelect,45
5000000,LazySelect,34
5000000,QuickSelect,26
5000000,LazySelect,35
5000000,QuickSelect,20
5000000,LazySelect,31
5000000,QuickSelect,35
5000000,LazySelect,33
5000000,QuickSelect,40
5000000,LazySelect,32
5000000,QuickSelect,37
5000000,LazySelect,32
5000000,QuickSelect,51
5000000,LazySelect,28
5000000,QuickSelect,39
5000000,LazySelect,28
5000000,QuickSelect,44
5000000,LazySelect,28
5000000,QuickSelect,26
5000000,LazySelect,29
5000000,QuickSelect,46
5000000,LazySelect,28
5000000,QuickSelect,41
5000000,LazySelect,30
5000000,QuickSelect,31
5000000,LazySelect,34
5000000,QuickSelect,41
5000000,LazySelect,24
5000000,QuickSelect,12
5000000,LazySelect,24
5000000,QuickSelect,34
5000000,LazySelect,25
5000000,QuickSelect,21
5000000,LazySelect,30
5000000,QuickSelect,41
5000000,LazySelect,24
5000000,QuickSelect,43
5000000,LazySelect,33
5000000,QuickSelect,42
5000000,LazySelect,26
5000000,QuickSelect,29
5000000,LazySelect,27
5000000,QuickSelect,32
5000000,LazySelect,30
5000000,QuickSelect,22
5000000,LazySelect,22
5000000,QuickSelect,31
5000000,LazySelect,29
5000000,QuickSelect,40
5000000,LazySelect,27
5000000,QuickSelect,43
5000000,LazySelect,26
5000000,QuickSelect,44
5000000,LazySelect,36
5000000,QuickSelect,29
5000000,LazySelect,29
5000000,QuickSelect,24
5000000,LazySelect,22
5000000,QuickSelect,18
5000000,LazySelect,27
5000000,QuickSelect,38
5000000,LazySelect,23
5000000,QuickSelect,48
5000000,LazySelect,34
5000000,QuickSelect,37
5000000,LazySelect,34
5000000,QuickSelect,45
5000000,LazySelect,34
5000000,QuickSelect,25
5000000,LazySelect,26
5000000,QuickSelect,40
5000000,LazySelect,26
5000000,QuickSelect,28
5000000,LazySelect,31
5000000,QuickSelect,42
5000000,LazySelect,32
5000000,QuickSelect,40
5000000,LazySelect,37
5000000,QuickSelect,21
5000000,LazySelect,23
5000000,QuickSelect,41
5000000,LazySelect,25
5500000,QuickSelect,31
5500000,LazySelect,24
5500000,QuickSelect,45
5500000,LazySelect,39
5500000,QuickSelect,48
5500000,LazySelect,34
5500000,QuickSelect,42
5500000,LazySelect,32
5500000,QuickSelect,26
5500000,LazySelect,27
5500000,QuickSelect,50
5500000,LazySelect,33
5500000,QuickSelect,50
5500000,LazySelect,30
5500000,QuickSelect,42
5500000,LazySelect,30
5500000,QuickSelect,22
5500000,LazySelect,29
5500000,QuickSelect,30
5500000,LazySelect,31
5500000,QuickSelect,45
5500000,LazySelect,33
5500000,QuickSelect,51
5500000,LazySelect,30
5500000,QuickSelect,23
5500000,LazySelect,27
5500000,QuickSelect,47
5500000,LazySelect,38
5500000,QuickSelect,36
5500000,LazySelect,21
5500000,QuickSelect,29
5500000,LazySelect,31
5500000,QuickSelect,48
5500000,LazySelect,38
5500000,QuickSelect,36
5500000,LazySelect,29
5500000,QuickSelect,82
5500000,LazySelect,36
5500000,QuickSelect,37
5500000,LazySelect,24
5500000,QuickSelect,50
5500000,LazySelect,35
5500000,QuickSelect,35
5500000,LazySelect,29
5500000,QuickSelect,28
5500000,LazySelect,18
5500000,QuickSelect,27
5500000,LazySelect,28
5500000,QuickSelect,36
5500000,LazySelect,26
5500000,QuickSelect,50
5500000,LazySelect,37
5500000,QuickSelect,48
5500000,LazySelect,37
5500000,QuickSelect,27
5500000,LazySelect,35
5500000,QuickSelect,44
5500000,LazySelect,36
5500000,QuickSelect,39
5500000,LazySelect,26
5500000,QuickSelect,51
5500000,LazySelect,38
5500000,QuickSelect,36
5500000,LazySelect,31
5500000,QuickSelect,46
5500000,LazySelect,24
5500000,QuickSelect,32
5500000,LazySelect,34
5500000,QuickSelect,54
5500000,LazySelect,38
5500000,QuickSelect,36
5500000,LazySelect,26
5500000,QuickSelect,32
5500000,LazySelect,29
5500000,QuickSelect,44
5500000,LazySelect,31
5500000,QuickSelect,47
5500000,LazySelect,38
5500000,QuickSelect,41
5500000,LazySelect,31
5500000,QuickSelect,45
5500000,LazySelect,43
5500000,QuickSelect,44
5500000,LazySelect,35
5500000,QuickSelect,39
5500000,LazySelect,26
5500000,QuickSelect,29
5500000,LazySelect,25
5500000,QuickSelect,48
5500000,LazySelect,37
5500000,QuickSelect,55
5500000,LazySelect,33
5500000,QuickSelect,52
5500000,LazySelect,38
5500000,QuickSelect,47
5500000,LazySelect,31
5500000,QuickSelect,37
5500000,LazySelect,35
5500000,QuickSelect,59
5500000,LazySelect,34
5500000,QuickSelect,24
5500000,LazySelect,32
5500000,QuickSelect,53
5500000,LazySelect,34
5500000,QuickSelect,56
5500000,LazySelect,31
5500000,QuickSelect,40
5500000,LazySelect,26
5500000,QuickSelect,40
5500000,LazySelect,34
5500000,QuickSelect,47
5500000,LazySelect,37
5500000,QuickSelect,44
5500000,LazySelect,25
5500000,QuickSelect,51
5500000,LazySelect,34
5500000,QuickSelect,45
5500000,LazySelect,34
5500000,QuickSelect,57
5500000,LazySelect,27
5500000,QuickSelect,25
5500000,LazySelect,37
5500000,QuickSelect,47
5500000,LazySelect,36
5500000,QuickSelect,32
5500000,LazySelect,29
5500000,QuickSelect,41
5500000,LazySelect,31
5500000,QuickSelect,35
5500000,LazySelect,31
5500000,QuickSelect,40
5500000,LazySelect,27
5500000,QuickSelect,43
5500000,LazySelect,33
5500000,QuickSelect,35
5500000,LazySelect,29
5500000,QuickSelect,44
5500000,LazySelect,38
5500000,QuickSelect,48
5500000,LazySelect,35
5500000,QuickSelect,26
5500000,LazySelect,26
5500000,QuickSelect,33
5500000,LazySelect,38
5500000,QuickSelect,39
5500000,LazySelect,25
5500000,QuickSelect,55
5500000,LazySelect,33
5500000,QuickSelect,39
5500000,LazySelect,38
5500000,QuickSelect,45
5500000,LazySelect,22
5500000,QuickSelect,40
5500000,LazySelect,36
5500000,QuickSelect,30
5500000,LazySelect,23
5500000,QuickSelect,54
5500000,LazySelect,39
5500000,QuickSelect,33
5500000,LazySelect,33
5500000,QuickSelect,33
5500000,LazySelect,27
5500000,QuickSelect,24
5500000,LazySelect,23
5500000,QuickSelect,48
5500000,LazySelect,36
5500000,QuickSelect,34
5500000,LazySelect,31
5500000,QuickSelect,30
5500000,LazySelect,24
5500000,QuickSelect,50
5500000,LazySelect,37
5500000,QuickSelect,52
5500000,LazySelect,35
5500000,QuickSelect,53
5500000,LazySelect,39
5500000,QuickSelect,28
5500000,LazySelect,26
5500000,QuickSelect,58
5500000,LazySelect,28
5500000,QuickSelect,52
5500000,LazySelect,38
5500000,QuickSelect,41
5500000,LazySelect,37
5500000,QuickSelect,28
5500000,LazySelect,27
5500000,QuickSelect,49
5500000,LazySelect,35
5500000,QuickSelect,39
5500000,LazySelect,25
5500000,QuickSelect,29
5500000,LazySelect,38
5500000,QuickSelect,41
5500000,LazySelect,22
5500000,QuickSelect,13
5500000,LazySelect,23
5500000,QuickSelect,47
5500000,LazySelect,38
5500000,QuickSelect,55
5500000,LazySelect,35
6000000,QuickSelect,37
6000000,LazySelect,30
6000000,QuickSelect,38
6000000,LazySelect,29
6000000,QuickSelect,32
6000000,LazySelect,28
6000000,QuickSelect,31
6000000,LazySelect,21
6000000,QuickSelect,43
6000000,LazySelect,32
6000000,QuickSelect,72
6000000,LazySelect,35
6000000,QuickSelect,49
6000000,LazySelect,40
6000000,QuickSelect,42
6000000,LazySelect,42
6000000,QuickSelect,42
6000000,LazySelect,35
6000000,QuickSelect,28
6000000,LazySelect,31
6000000,QuickSelect,47
6000000,LazySelect,27
6000000,QuickSelect,52
6000000,LazySelect,31
6000000,QuickSelect,56
6000000,LazySelect,34
6000000,QuickSelect,59
6000000,LazySelect,34
6000000,QuickSelect,68
6000000,LazySelect,41
6000000,QuickSelect,50
6000000,LazySelect,29
6000000,QuickSelect,29
6000000,LazySelect,31
6000000,QuickSelect,39
6000000,LazySelect,38
6000000,QuickSelect,48
6000000,LazySelect,33
6000000,QuickSelect,21
6000000,LazySelect,27
6000000,QuickSelect,52
6000000,LazySelect,39
6000000,QuickSelect,33
6000000,LazySelect,29
6000000,QuickSelect,38
6000000,LazySelect,27
6000000,QuickSelect,55
6000000,LazySelect,40
6000000,QuickSelect,30
6000000,LazySelect,25
6000000,QuickSelect,51
6000000,LazySelect,42
6000000,QuickSelect,44
6000000,LazySelect,42
6000000,QuickSelect,33
6000000,LazySelect,36
6000000,QuickSelect,49
6000000,LazySelect,49
6000000,QuickSelect,66
6000000,LazySelect,44
6000000,QuickSelect,44
6000000,LazySelect,32
6000000,QuickSelect,63
6000000,LazySelect,42
6000000,QuickSelect,55
6000000,LazySelect,40
6000000,QuickSelect,59
6000000,LazySelect,42
6000000,QuickSelect,29
6000000,LazySelect,43
6000000,QuickSelect,44
6000000,LazySelect,29
6000000,QuickSelect,20
6000000,LazySelect,31
6000000,QuickSelect,35
6000000,LazySelect,32
6000000,QuickSelect,50
6000000,LazySelect,41
6000000,QuickSelect,37
6000000,LazySelect,47
6000000,QuickSelect,63
6000000,LazySelect,42
6000000,QuickSelect,34
6000000,LazySelect,42
6000000,QuickSelect,52
6000000,LazySelect,25
6000000,QuickSelect,51
6000000,LazySelect,41
6000000,QuickSelect,50
6000000,LazySelect,32
6000000,QuickSelect,71
6000000,LazySelect,33
6000000,QuickSelect,31
6000000,LazySelect,26
6000000,QuickSelect,39
6000000,LazySelect,33
6000000,QuickSelect,29
6000000,LazySelect,43
6000000,QuickSelect,54
6000000,LazySelect,42
6000000,QuickSelect,39
6000000,LazySelect,42
6000000,QuickSelect,54
6000000,LazySelect,34
6000000,QuickSelect,61
6000000,LazySelect,31
6000000,QuickSelect,51
6000000,LazySelect,29
6000000,QuickSelect,32
6000000,LazySelect,26
6000000,QuickSelect,41
6000000,LazySelect,37
6000000,QuickSelect,52
6000000,LazySelect,32
6000000,QuickSelect,58
6000000,LazySelect,42
6000000,QuickSelect,33
6000000,LazySelect,34
6000000,QuickSelect,50
6000000,LazySelect,29
6000000,QuickSelect,42
6000000,LazySelect,32
6000000,QuickSelect,45
6000000,LazySelect,39
6000000,QuickSelect,27
6000000,LazySelect,25
6000000,QuickSelect,65
6000000,LazySelect,34
6000000,QuickSelect,55
6000000,LazySelect,30
6000000,QuickSelect,28
6000000,LazySelect,36
6000000,QuickSelect,39
6000000,LazySelect,25
6000000,QuickSelect,46
6000000,LazySelect,49
6000000,QuickSelect,55
6000000,LazySelect,45
6000000,QuickSelect,58
6000000,LazySelect,42
6000000,QuickSelect,54
6000000,LazySelect,30
6000000,QuickSelect,58
6000000,LazySelect,41
6000000,QuickSelect,42
6000000,LazySelect,38
6000000,QuickSelect,51
6000000,LazySelect,46
6000000,QuickSelect,46
6000000,LazySelect,43
6000000,QuickSelect,48
6000000,LazySelect,34
6000000,QuickSelect,48
6000000,LazySelect,41
6000000,QuickSelect,38
6000000,LazySelect,32
6000000,QuickSelect,48
6000000,LazySelect,32
6000000,QuickSelect,10
6000000,LazySelect,25
6000000,QuickSelect,53
6000000,LazySelect,34
6000000,QuickSelect,36
6000000,LazySelect,29
6000000,QuickSelect,42
6000000,LazySelect,31
6000000,QuickSelect,37
6000000,LazySelect,34
6000000,QuickSelect,56
6000000,LazySelect,34
6000000,QuickSelect,59
6000000,LazySelect,32
6000000,QuickSelect,53
6000000,LazySelect,40
6000000,QuickSelect,38
6000000,LazySelect,34
6000000,QuickSelect,35
6000000,LazySelect,33
6000000,QuickSelect,37
6000000,LazySelect,28
6000000,QuickSelect,56
6000000,LazySelect,42
6000000,QuickSelect,56
6000000,LazySelect,47
6000000,QuickSelect,40
6000000,LazySelect,41
6000000,QuickSelect,65
6000000,LazySelect,43
6000000,QuickSelect,55
6000000,LazySelect,41
6000000,QuickSelect,41
6000000,LazySelect,29
6000000,QuickSelect,68
6000000,LazySelect,42
6000000,QuickSelect,58
6000000,LazySelect,30
6000000,QuickSelect,48
6000000,LazySelect,41
6000000,QuickSelect,41
6000000,LazySelect,38
6500000,QuickSelect,41
6500000,LazySelect,38
6500000,QuickSelect,49
6500000,LazySelect,37
6500000,QuickSelect,46
6500000,LazySelect,37
6500000,QuickSelect,58
6500000,LazySelect,39
6500000,QuickSelect,54
6500000,LazySelect,35
6500000,QuickSelect,67
6500000,LazySelect,42
6500000,QuickSelect,69
6500000,LazySelect,37
6500000,QuickSelect,48
6500000,LazySelect,36
6500000,QuickSelect,34
6500000,LazySelect,31
6500000,QuickSelect,49
6500000,LazySelect,41
6500000,QuickSelect,44
6500000,LazySelect,40
6500000,QuickSelect,57
6500000,LazySelect,38
6500000,QuickSelect,53
6500000,LazySelect,40
6500000,QuickSelect,47
6500000,LazySelect,40
6500000,QuickSelect,48
6500000,LazySelect,42
6500000,QuickSelect,60
6500000,LazySelect,43
6500000,QuickSelect,28
6500000,LazySelect,35
6500000,QuickSelect,44
6500000,LazySelect,29
6500000,QuickSelect,41
6500000,LazySelect,33
6500000,QuickSelect,50
6500000,LazySelect,32
6500000,QuickSelect,45
6500000,LazySelect,45
6500000,QuickSelect,58
6500000,LazySelect,41
6500000,QuickSelect,41
6500000,LazySelect,40
6500000,QuickSelect,39
6500000,LazySelect,34
6500000,QuickSelect,52
6500000,LazySelect,35
6500000,QuickSelect,53
6500000,LazySelect,49
6500000,QuickSelect,47
6500000,LazySelect,28
6500000,QuickSelect,47
6500000,LazySelect,46
6500000,QuickSelect,52
6500000,LazySelect,41
6500000,QuickSelect,65
6500000,LazySelect,42
6500000,QuickSelect,56
6500000,LazySelect,45
6500000,QuickSelect,65
6500000,LazySelect,39
6500000,QuickSelect,41
6500000,LazySelect,44
6500000,QuickSelect,48
6500000,LazySelect,29
6500000,QuickSelect,56
6500000,LazySelect,40
6500000,QuickSelect,61
6500000,LazySelect,33
6500000,QuickSelect,51
6500000,LazySelect,29
6500000,QuickSelect,53
6500000,LazySelect,40
6500000,QuickSelect,65
6500000,LazySelect,37
6500000,QuickSelect,54
6500000,LazySelect,33
6500000,QuickSelect,58
6500000,LazySelect,41
6500000,QuickSelect,51
6500000,LazySelect,29
6500000,QuickSelect,45
6500000,LazySelect,43
6500000,QuickSelect,45
6500000,LazySelect,29
6500000,QuickSelect,45
6500000,LazySelect,30
6500000,QuickSelect,44
6500000,LazySelect,41
6500000,QuickSelect,52
6500000,LazySelect,40
6500000,QuickSelect,52
6500000,LazySelect,42
6500000,QuickSelect,63
6500000,LazySelect,39
6500000,QuickSelect,51
6500000,LazySelect,35
6500000,QuickSelect,56
6500000,LazySelect,43
6500000,QuickSelect,57
6500000,LazySelect,30
6500000,QuickSelect,49
6500000,LazySelect,45
6500000,QuickSelect,40
6500000,LazySelect,21
6500000,QuickSelect,52
6500000,LazySelect,43
6500000,QuickSelect,56
6500000,LazySelect,34
6500000,QuickSelect,61
6500000,LazySelect,27
6500000,QuickSelect,47
6500000,LazySelect,34
6500000,QuickSelect,56
6500000,LazySelect,28
6500000,QuickSelect,41
6500000,LazySelect,36
6500000,QuickSelect,53
6500000,LazySelect,36
6500000,QuickSelect,48
6500000,LazySelect,46
6500000,QuickSelect,11
6500000,LazySelect,28
6500000,QuickSelect,50
6500000,LazySelect,45
6500000,QuickSelect,73
6500000,LazySelect,30
6500000,QuickSelect,46
6500000,LazySelect,25
6500000,QuickSelect,38
6500000,LazySelect,30
6500000,QuickSelect,22
6500000,LazySelect,24
6500000,QuickSelect,54
6500000,LazySelect,39
6500000,QuickSelect,64
6500000,LazySelect,37
6500000,QuickSelect,45
6500000,LazySelect,31
6500000,QuickSelect,36
6500000,LazySelect,31
6500000,QuickSelect,40
6500000,LazySelect,37
6500000,QuickSelect,48
6500000,LazySelect,33
6500000,QuickSelect,30
6500000,LazySelect,37
6500000,QuickSelect,67
6500000,LazySelect,41
6500000,QuickSelect,60
6500000,LazySelect,44
6500000,QuickSelect,54
6500000,LazySelect,37
6500000,QuickSelect,70
6500000,LazySelect,44
6500000,QuickSelect,47
6500000,LazySelect,43
6500000,QuickSelect,45
6500000,LazySelect,46
6500000,QuickSelect,41
6500000,LazySelect,37
6500000,QuickSelect,36
6500000,LazySelect,32
6500000,QuickSelect,61
6500000,LazySelect,38
6500000,QuickSelect,42
6500000,LazySelect,45
6500000,QuickSelect,60
6500000,LazySelect,38
6500000,QuickSelect,55
6500000,LazySelect,43
6500000,QuickSelect,48
6500000,LazySelect,24
6500000,QuickSelect,49
6500000,LazySelect,31
6500000,QuickSelect,46
6500000,LazySelect,28
6500000,QuickSelect,42
6500000,LazySelect,40
6500000,QuickSelect,81
6500000,LazySelect,33
6500000,QuickSelect,56
6500000,LazySelect,35
6500000,QuickSelect,64
6500000,LazySelect,45
6500000,QuickSelect,50
6500000,LazySelect,29
6500000,QuickSelect,71
6500000,LazySelect,45
6500000,QuickSelect,56
6500000,LazySelect,32
6500000,QuickSelect,44
6500000,LazySelect,40
6500000,QuickSelect,46
6500000,LazySelect,29
6500000,QuickSelect,41
6500000,LazySelect,39
7000000,QuickSelect,41
7000000,LazySelect,34
7000000,QuickSelect,62
7000000,LazySelect,32
7000000,QuickSelect,70
7000000,LazySelect,47
7000000,QuickSelect,69
7000000,LazySelect,41
7000000,QuickSelect,63
7000000,LazySelect,38
7000000,QuickSelect,38
7000000,LazySelect,31
7000000,QuickSelect,33
7000000,LazySelect,33
7000000,QuickSelect,38
7000000,LazySelect,34
7000000,QuickSelect,26
7000000,LazySelect,37
7000000,QuickSelect,33
7000000,LazySelect,23
7000000,QuickSelect,41
7000000,LazySelect,32
7000000,QuickSelect,40
7000000,LazySelect,34
7000000,QuickSelect,36
7000000,LazySelect,32
7000000,QuickSelect,65
7000000,LazySelect,38
7000000,QuickSelect,43
7000000,LazySelect,47
7000000,QuickSelect,54
7000000,LazySelect,32
7000000,QuickSelect,60
7000000,LazySelect,47
7000000,QuickSelect,38
7000000,LazySelect,26
7000000,QuickSelect,60
7000000,LazySelect,41
7000000,QuickSelect,57
7000000,LazySelect,47
7000000,QuickSelect,13
7000000,LazySelect,24
7000000,QuickSelect,23
7000000,LazySelect,33
7000000,QuickSelect,55
7000000,LazySelect,37
7000000,QuickSelect,20
7000000,LazySelect,33
7000000,QuickSelect,52
7000000,LazySelect,35
7000000,QuickSelect,58
7000000,LazySelect,31
7000000,QuickSelect,57
7000000,LazySelect,48
7000000,QuickSelect,54
7000000,LazySelect,50
7000000,QuickSelect,59
7000000,LazySelect,46
7000000,QuickSelect,32
7000000,LazySelect,30
7000000,QuickSelect,39
7000000,LazySelect,40
7000000,QuickSelect,35
7000000,LazySelect,32
7000000,QuickSelect,68
7000000,LazySelect,46
7000000,QuickSelect,46
7000000,LazySelect,39
7000000,QuickSelect,64
7000000,LazySelect,49
7000000,QuickSelect,47
7000000,LazySelect,38
7000000,QuickSelect,62
7000000,LazySelect,35
7000000,QuickSelect,57
7000000,LazySelect,44
7000000,QuickSelect,37
7000000,LazySelect,48
7000000,QuickSelect,54
7000000,LazySelect,38
7000000,QuickSelect,17
7000000,LazySelect,28
7000000,QuickSelect,72
7000000,LazySelect,38
7000000,QuickSelect,54
7000000,LazySelect,42
7000000,QuickSelect,60
7000000,LazySelect,40
7000000,QuickSelect,58
7000000,LazySelect,45
7000000,QuickSelect,28
7000000,LazySelect,27
7000000,QuickSelect,45
7000000,LazySelect,34
7000000,QuickSelect,66
7000000,LazySelect,45
7000000,QuickSelect,47
7000000,LazySelect,36
7000000,QuickSelect,69
7000000,LazySelect,33
7000000,QuickSelect,66
7000000,LazySelect,33
7000000,QuickSelect,53
7000000,LazySelect,31
7000000,QuickSelect,53
7000000,LazySelect,44
7000000,QuickSelect,37
7000000,LazySelect,33
7000000,QuickSelect,66
7000000,LazySelect,48
7000000,QuickSelect,66
7000000,LazySelect,45
7000000,QuickSelect,42
7000000,LazySelect,31
7000000,QuickSelect,31
7000000,LazySelect,45
7000000,QuickSelect,32
7000000,LazySelect,35
7000000,QuickSelect,29
7000000,LazySelect,31
7000000,QuickSelect,47
7000000,LazySelect,33
7000000,QuickSelect,56
7000000,LazySelect,48
7000000,QuickSelect,78
7000000,LazySelect,51
7000000,QuickSelect,57
7000000,LazySelect,40
7000000,QuickSelect,78
7000000,LazySelect,36
7000000,QuickSelect,53
7000000,LazySelect,34
7000000,QuickSelect,63
7000000,LazySelect,40
7000000,QuickSelect,33
7000000,LazySelect,29
7000000,QuickSelect,52
7000000,LazySelect,38
7000000,QuickSelect,53
7000000,LazySelect,48
7000000,QuickSelect,67
7000000,LazySelect,45
7000000,QuickSelect,47
7000000,LazySelect,50
7000000,QuickSelect,65
7000000,LazySelect,48
7000000,QuickSelect,43
7000000,LazySelect,37
7000000,QuickSelect,38
7000000,LazySelect,46
7000000,QuickSelect,56
7000000,LazySelect,41
7000000,QuickSelect,68
7000000,LazySelect,43
7000000,QuickSelect,57
7000000,LazySelect,36
7000000,QuickSelect,67
7000000,LazySelect,38
7000000,QuickSelect,48
7000000,LazySelect,36
7000000,QuickSelect,56
7000000,LazySelect,45
7000000,QuickSelect,58
7000000,LazySelect,46
7000000,QuickSelect,53
7000000,LazySelect,38
7000000,QuickSelect,59
7000000,LazySelect,44
7000000,QuickSelect,57
7000000,LazySelect,48
7000000,QuickSelect,53
7000000,LazySelect,43
7000000,QuickSelect,40
7000000,LazySelect,31
7000000,QuickSelect,63
7000000,LazySelect,42
7000000,QuickSelect,28
7000000,LazySelect,31
7000000,QuickSelect,32
7000000,LazySelect,40
7000000,QuickSelect,76
7000000,LazySelect,45
7000000,QuickSelect,34
7000000,LazySelect,36
7000000,QuickSelect,51
7000000,LazySelect,47
7000000,QuickSelect,51
7000000,LazySelect,41
7000000,QuickSelect,62
7000000,LazySelect,42
7000000,QuickSelect,75
7000000,LazySelect,45
7000000,QuickSelect,66
7000000,LazySelect,39
7000000,QuickSelect,42
7000000,LazySelect,39
7000000,QuickSelect,27
7000000,LazySelect,23
7000000,QuickSelect,34
7000000,LazySelect,32
7500000,QuickSelect,46
7500000,LazySelect,50
7500000,QuickSelect,72
7500000,LazySelect,41
7500000,QuickSelect,36
7500000,LazySelect,38
7500000,QuickSelect,57
7500000,LazySelect,37
7500000,QuickSelect,46
7500000,LazySelect,54
7500000,QuickSelect,61
7500000,LazySelect,49
7500000,QuickSelect,62
7500000,LazySelect,35
7500000,QuickSelect,41
7500000,LazySelect,48
7500000,QuickSelect,58
7500000,LazySelect,42
7500000,QuickSelect,59
7500000,LazySelect,42
7500000,QuickSelect,52
7500000,LazySelect,48
7500000,QuickSelect,43
7500000,LazySelect,39
7500000,QuickSelect,58
7500000,LazySelect,53
7500000,QuickSelect,56
7500000,LazySelect,32
7500000,QuickSelect,20
7500000,LazySelect,32
7500000,QuickSelect,19
7500000,LazySelect,24
7500000,QuickSelect,50
7500000,LazySelect,45
7500000,QuickSelect,56
7500000,LazySelect,43
7500000,QuickSelect,71
7500000,LazySelect,51
7500000,QuickSelect,39
7500000,LazySelect,31
7500000,QuickSelect,53
7500000,LazySelect,37
7500000,QuickSelect,58
7500000,LazySelect,29
7500000,QuickSelect,66
7500000,LazySelect,38
7500000,QuickSelect,79
7500000,LazySelect,55
7500000,QuickSelect,40
7500000,LazySelect,40
7500000,QuickSelect,44
7500000,LazySelect,35
7500000,QuickSelect,31
7500000,LazySelect,37
7500000,QuickSelect,52
7500000,LazySelect,42
7500000,QuickSelect,50
7500000,LazySelect,38
7500000,QuickSelect,64
7500000,LazySelect,38
7500000,QuickSelect,57
7500000,LazySelect,33
7500000,QuickSelect,42
7500000,LazySelect,38
7500000,QuickSelect,71
7500000,LazySelect,53
7500000,QuickSelect,65
7500000,LazySelect,49
7500000,QuickSelect,58
7500000,LazySelect,41
7500000,QuickSelect,67
7500000,LazySelect,36
7500000,QuickSelect,95
7500000,LazySelect,40
7500000,QuickSelect,79
7500000,LazySelect,45
7500000,QuickSelect,52
7500000,LazySelect,51
7500000,QuickSelect,66
7500000,LazySelect,52
7500000,QuickSelect,41
7500000,LazySelect,31
7500000,QuickSelect,69
7500000,LazySelect,43
7500000,QuickSelect,56
7500000,LazySelect,51
7500000,QuickSelect,46
7500000,LazySelect,49
7500000,QuickSelect,80
7500000,LazySelect,48
7500000,QuickSelect,36
7500000,LazySelect,32
7500000,QuickSelect,39
7500000,LazySelect,37
7500000,QuickSelect,60
7500000,LazySelect,47
7500000,QuickSelect,53
7500000,LazySelect,43
7500000,QuickSelect,73
7500000,LazySelect,44
7500000,QuickSelect,60
7500000,LazySelect,36
7500000,QuickSelect,56
7500000,LazySelect,42
7500000,QuickSelect,47
7500000,LazySelect,35
7500000,QuickSelect,65
7500000,LazySelect,52
7500000,QuickSelect,85
7500000,LazySelect,52
7500000,QuickSelect,36
7500000,LazySelect,34
7500000,QuickSelect,62
7500000,LazySelect,40
7500000,QuickSelect,83
7500000,LazySelect,48
7500000,QuickSelect,56
7500000,LazySelect,47
7500000,QuickSelect,43
7500000,LazySelect,50
7500000,QuickSelect,68
7500000,LazySelect,47
7500000,QuickSelect,62
7500000,LazySelect,44
7500000,QuickSelect,60
7500000,LazySelect,43
7500000,QuickSelect,90
7500000,LazySelect,52
7500000,QuickSelect,50
7500000,LazySelect,48
7500000,QuickSelect,52
7500000,LazySelect,51
7500000,QuickSelect,62
7500000,LazySelect,26
7500000,QuickSelect,33
7500000,LazySelect,35
7500000,QuickSelect,78
7500000,LazySelect,47
7500000,QuickSelect,71
7500000,LazySelect,35
7500000,QuickSelect,35
7500000,LazySelect,37
7500000,QuickSelect,68
7500000,LazySelect,40
7500000,QuickSelect,41
7500000,LazySelect,52
7500000,QuickSelect,22
7500000,LazySelect,37
7500000,QuickSelect,71
7500000,LazySelect,43
7500000,QuickSelect,30
7500000,LazySelect,32
7500000,QuickSelect,53
7500000,LazySelect,42
7500000,QuickSelect,59
7500000,LazySelect,51
7500000,QuickSelect,44
7500000,LazySelect,41
7500000,QuickSelect,38
7500000,LazySelect,37
7500000,QuickSelect,74
7500000,LazySelect,50
7500000,QuickSelect,67
7500000,LazySelect,48
7500000,QuickSelect,55
7500000,LazySelect,48
7500000,QuickSelect,53
7500000,LazySelect,38
7500000,QuickSelect,23
7500000,LazySelect,32
7500000,QuickSelect,72
7500000,LazySelect,52
7500000,QuickSelect,75
7500000,LazySelect,45
7500000,QuickSelect,50
7500000,LazySelect,46
7500000,QuickSelect,62
7500000,LazySelect,31
7500000,QuickSelect,61
7500000,LazySelect,44
7500000,QuickSelect,55
7500000,LazySelect,41
7500000,QuickSelect,44
7500000,LazySelect,34
7500000,QuickSelect,41
7500000,LazySelect,43
7500000,QuickSelect,67
7500000,LazySelect,35
7500000,QuickSelect,29
7500000,LazySelect,35
7500000,QuickSelect,66
7500000,LazySelect,37
7500000,QuickSelect,50
7500000,LazySelect,41
7500000,QuickSelect,65
7500000,LazySelect,47
7500000,QuickSelect,59
7500000,LazySelect,39
7500000,QuickSelect,38
7500000,LazySelect,33
8000000,QuickSelect,66
8000000,LazySelect,27
8000000,QuickSelect,59
8000000,LazySelect,33
8000000,QuickSelect,67
8000000,LazySelect,50
8000000,QuickSelect,40
8000000,LazySelect,46
8000000,QuickSelect,71
8000000,LazySelect,37
8000000,QuickSelect,76
8000000,LazySelect,47
8000000,QuickSelect,46
8000000,LazySelect,26
8000000,QuickSelect,72
8000000,LazySelect,50
8000000,QuickSelect,49
8000000,LazySelect,43
8000000,QuickSelect,65
8000000,LazySelect,50
8000000,QuickSelect,67
8000000,LazySelect,36
8000000,QuickSelect,70
8000000,LazySelect,42
8000000,QuickSelect,69
8000000,LazySelect,37
8000000,QuickSelect,49
8000000,LazySelect,43
8000000,QuickSelect,72
8000000,LazySelect,38
8000000,QuickSelect,36
8000000,LazySelect,29
8000000,QuickSelect,23
8000000,LazySelect,37
8000000,QuickSelect,59
8000000,LazySelect,46
8000000,QuickSelect,79
8000000,LazySelect,39
8000000,QuickSelect,63
8000000,LazySelect,41
8000000,QuickSelect,52
8000000,LazySelect,53
8000000,QuickSelect,73
8000000,LazySelect,54
8000000,QuickSelect,33
8000000,LazySelect,30
8000000,QuickSelect,63
8000000,LazySelect,54
8000000,QuickSelect,63
8000000,LazySelect,41
8000000,QuickSelect,64
8000000,LazySelect,51
8000000,QuickSelect,61
8000000,LazySelect,43
8000000,QuickSelect,55
8000000,LazySelect,38
8000000,QuickSelect,18
8000000,LazySelect,25
8000000,QuickSelect,42
8000000,LazySelect,37
8000000,QuickSelect,36
8000000,LazySelect,52
8000000,QuickSelect,73
8000000,LazySelect,48
8000000,QuickSelect,72
8000000,LazySelect,38
8000000,QuickSelect,67
8000000,LazySelect,45
8000000,QuickSelect,51
8000000,LazySelect,32
8000000,QuickSelect,43
8000000,LazySelect,49
8000000,QuickSelect,58
8000000,LazySelect,52
8000000,QuickSelect,69
8000000,LazySelect,50
8000000,QuickSelect,75
8000000,LazySelect,47
8000000,QuickSelect,32
8000000,LazySelect,34
8000000,QuickSelect,65
8000000,LazySelect,54
8000000,QuickSelect,61
8000000,LazySelect,55
8000000,QuickSelect,99
8000000,LazySelect,55
8000000,QuickSelect,27
8000000,LazySelect,39
8000000,QuickSelect,48
8000000,LazySelect,49
8000000,QuickSelect,59
8000000,LazySelect,37
8000000,QuickSelect,43
8000000,LazySelect,45
8000000,QuickSelect,57
8000000,LazySelect,55
8000000,QuickSelect,69
8000000,LazySelect,49
8000000,QuickSelect,36
8000000,LazySelect,38
8000000,QuickSelect,82
8000000,LazySelect,40
8000000,QuickSelect,49
8000000,LazySelect,54
8000000,QuickSelect,65
8000000,LazySelect,33
8000000,QuickSelect,70
8000000,LazySelect,50
8000000,QuickSelect,72
8000000,LazySelect,55
8000000,QuickSelect,51
8000000,LazySelect,44
8000000,QuickSelect,56
8000000,LazySelect,39
8000000,QuickSelect,53
8000000,LazySelect,43
8000000,QuickSelect,74
8000000,LazySelect,42
8000000,QuickSelect,48
8000000,LazySelect,53
8000000,QuickSelect,46
8000000,LazySelect,26
8000000,QuickSelect,45
8000000,LazySelect,43
8000000,QuickSelect,72
8000000,LazySelect,47
8000000,QuickSelect,63
8000000,LazySelect,36
8000000,QuickSelect,42
8000000,LazySelect,25
8000000,QuickSelect,77
8000000,LazySelect,45
8000000,QuickSelect,71
8000000,LazySelect,55
8000000,QuickSelect,41
8000000,LazySelect,41
8000000,QuickSelect,52
8000000,LazySelect,37
8000000,QuickSelect,60
8000000,LazySelect,46
8000000,QuickSelect,37
8000000,LazySelect,47
8000000,QuickSelect,64
8000000,LazySelect,51
8000000,QuickSelect,76
8000000,LazySelect,46
8000000,QuickSelect,69
8000000,LazySelect,43
8000000,QuickSelect,62
8000000,LazySelect,43
8000000,QuickSelect,51
8000000,LazySelect,35
8000000,QuickSelect,40
8000000,LazySelect,29
8000000,QuickSelect,43
8000000,LazySelect,29
8000000,QuickSelect,71
8000000,LazySelect,53
8000000,QuickSelect,68
8000000,LazySelect,39
8000000,QuickSelect,76
8000000,LazySelect,54
8000000,QuickSelect,43
8000000,LazySelect,45
8000000,QuickSelect,61
8000000,LazySelect,36
8000000,QuickSelect,62
8000000,LazySelect,54
8000000,QuickSelect,62
8000000,LazySelect,46
8000000,QuickSelect,88
8000000,LazySelect,40
8000000,QuickSelect,86
8000000,LazySelect,46
8000000,QuickSelect,84
8000000,LazySelect,53
8000000,QuickSelect,41
8000000,LazySelect,39
8000000,QuickSelect,63
8000000,LazySelect,35
8000000,QuickSelect,34
8000000,LazySelect,40
8000000,QuickSelect,74
8000000,LazySelect,50
8000000,QuickSelect,56
8000000,LazySelect,53
8000000,QuickSelect,47
8000000,LazySelect,33
8000000,QuickSelect,85
8000000,LazySelect,52
8000000,QuickSelect,60
8000000,LazySelect,40
8000000,QuickSelect,61
8000000,LazySelect,39
8000000,QuickSelect,63
8000000,LazySelect,38
8000000,QuickSelect,60
8000000,LazySelect,50
8000000,QuickSelect,74
8000000,LazySelect,54
8500000,QuickSelect,92
8500000,LazySelect,56
8500000,QuickSelect,63
8500000,LazySelect,53
8500000,QuickSelect,56
8500000,LazySelect,35
8500000,QuickSelect,45
8500000,LazySelect,45
8500000,QuickSelect,63
8500000,LazySelect,38
8500000,QuickSelect,80
8500000,LazySelect,48
8500000,QuickSelect,60
8500000,LazySelect,56
8500000,QuickSelect,81
8500000,LazySelect,57
8500000,QuickSelect,85
8500000,LazySelect,54
8500000,QuickSelect,71
8500000,LazySelect,47
8500000,QuickSelect,65
8500000,LazySelect,51
8500000,QuickSelect,62
8500000,LazySelect,45
8500000,QuickSelect,74
8500000,LazySelect,43
8500000,QuickSelect,82
8500000,LazySelect,48
8500000,QuickSelect,40
8500000,LazySelect,36
8500000,QuickSelect,69
8500000,LazySelect,57
8500000,QuickSelect,87
8500000,LazySelect,42
8500000,QuickSelect,62
8500000,LazySelect,39
8500000,QuickSelect,64
8500000,LazySelect,35
8500000,QuickSelect,70
8500000,LazySelect,54
8500000,QuickSelect,63
8500000,LazySelect,58
8500000,QuickSelect,51
8500000,LazySelect,50
8500000,QuickSelect,59
8500000,LazySelect,57
8500000,QuickSelect,55
8500000,LazySelect,44
8500000,QuickSelect,47
8500000,LazySelect,56
8500000,QuickSelect,59
8500000,LazySelect,44
8500000,QuickSelect,72
8500000,LazySelect,59
8500000,QuickSelect,73
8500000,LazySelect,41
8500000,QuickSelect,79
8500000,LazySelect,61
8500000,QuickSelect,41
8500000,LazySelect,54
8500000,QuickSelect,86
8500000,LazySelect,55
8500000,QuickSelect,65
8500000,LazySelect,50
8500000,QuickSelect,79
8500000,LazySelect,64
8500000,QuickSelect,65
8500000,LazySelect,54
8500000,QuickSelect,74
8500000,LazySelect,42
8500000,QuickSelect,68
8500000,LazySelect,27
8500000,QuickSelect,78
8500000,LazySelect,46
8500000,QuickSelect,62
8500000,LazySelect,56
8500000,QuickSelect,66
8500000,LazySelect,50
8500000,QuickSelect,81
8500000,LazySelect,54
8500000,QuickSelect,41
8500000,LazySelect,38
8500000,QuickSelect,82
8500000,LazySelect,66
8500000,QuickSelect,98
8500000,LazySelect,47
8500000,QuickSelect,73
8500000,LazySelect,39
8500000,QuickSelect,62
8500000,LazySelect,49
8500000,QuickSelect,70
8500000,LazySelect,40
8500000,QuickSelect,72
8500000,LazySelect,44
8500000,QuickSelect,52
8500000,LazySelect,37
8500000,QuickSelect,70
8500000,LazySelect,46
8500000,QuickSelect,64
8500000,LazySelect,55
8500000,QuickSelect,77
8500000,LazySelect,53
8500000,QuickSelect,75
8500000,LazySelect,53
8500000,QuickSelect,68
8500000,LazySelect,57
8500000,QuickSelect,58
8500000,LazySelect,52
8500000,QuickSelect,60
8500000,LazySelect,47
8500000,QuickSelect,56
8500000,LazySelect,49
8500000,QuickSelect,50
8500000,LazySelect,38
8500000,QuickSelect,59
8500000,LazySelect,45
8500000,QuickSelect,58
8500000,LazySelect,56
8500000,QuickSelect,66
8500000,LazySelect,40
8500000,QuickSelect,52
8500000,LazySelect,39
8500000,QuickSelect,79
8500000,LazySelect,37
8500000,QuickSelect,61
8500000,LazySelect,51
8500000,QuickSelect,85
8500000,LazySelect,38
8500000,QuickSelect,64
8500000,LazySelect,49
8500000,QuickSelect,61
8500000,LazySelect,36
8500000,QuickSelect,43
8500000,LazySelect,46
8500000,QuickSelect,91
8500000,LazySelect,55
8500000,QuickSelect,77
8500000,LazySelect,50
8500000,QuickSelect,68
8500000,LazySelect,58
8500000,QuickSelect,44
8500000,LazySelect,44
8500000,QuickSelect,36
8500000,LazySelect,35
8500000,QuickSelect,70
8500000,LazySelect,37
8500000,QuickSelect,31
8500000,LazySelect,41
8500000,QuickSelect,75
8500000,LazySelect,53
8500000,QuickSelect,46
8500000,LazySelect,44
8500000,QuickSelect,50
8500000,LazySelect,44
8500000,QuickSelect,71
8500000,LazySelect,54
8500000,QuickSelect,30
8500000,LazySelect,35
8500000,QuickSelect,73
8500000,LazySelect,51
8500000,QuickSelect,56
8500000,LazySelect,53
8500000,QuickSelect,55
8500000,LazySelect,42
8500000,QuickSelect,41
8500000,LazySelect,51
8500000,QuickSelect,67
8500000,LazySelect,51
8500000,QuickSelect,62
8500000,LazySelect,56
8500000,QuickSelect,71
8500000,LazySelect,58
8500000,QuickSelect,87
8500000,LazySelect,48
8500000,QuickSelect,48
8500000,LazySelect,33
8500000,QuickSelect,90
8500000,LazySelect,54
8500000,QuickSelect,57
8500000,LazySelect,38
8500000,QuickSelect,75
8500000,LazySelect,45
8500000,QuickSelect,82
8500000,LazySelect,43
8500000,QuickSelect,73
8500000,LazySelect,45
8500000,QuickSelect,80
8500000,LazySelect,50
8500000,QuickSelect,63
8500000,LazySelect,50
8500000,QuickSelect,60
8500000,LazySelect,47
8500000,QuickSelect,87
8500000,LazySelect,48
8500000,QuickSelect,87
8500000,LazySelect,37
8500000,QuickSelect,73
8500000,LazySelect,38
8500000,QuickSelect,74
8500000,LazySelect,51
9000000,QuickSelect,73
9000000,LazySelect,39
9000000,QuickSelect,73
9000000,LazySelect,58
9000000,QuickSelect,66
9000000,LazySelect,44
9000000,QuickSelect,58
9000000,LazySelect,43
9000000,QuickSelect,81
9000000,LazySelect,62
9000000,QuickSelect,42
9000000,LazySelect,41
9000000,QuickSelect,72
9000000,LazySelect,49
9000000,QuickSelect,72
9000000,LazySelect,57
9000000,QuickSelect,15
9000000,LazySelect,33
9000000,QuickSelect,77
9000000,LazySelect,57
9000000,QuickSelect,89
9000000,LazySelect,44
9000000,QuickSelect,76
9000000,LazySelect,51
9000000,QuickSelect,89
9000000,LazySelect,46
9000000,QuickSelect,60
9000000,LazySelect,61
9000000,QuickSelect,78
9000000,LazySelect,57
9000000,QuickSelect,66
9000000,LazySelect,56
9000000,QuickSelect,59
9000000,LazySelect,57
9000000,QuickSelect,64
9000000,LazySelect,40
9000000,QuickSelect,63
9000000,LazySelect,58
9000000,QuickSelect,68
9000000,LazySelect,52
9000000,QuickSelect,64
9000000,LazySelect,45
9000000,QuickSelect,43
9000000,LazySelect,41
9000000,QuickSelect,81
9000000,LazySelect,56
9000000,QuickSelect,65
9000000,LazySelect,61
9000000,QuickSelect,72
9000000,LazySelect,47
9000000,QuickSelect,74
9000000,LazySelect,61
9000000,QuickSelect,96
9000000,LazySelect,59
9000000,QuickSelect,62
9000000,LazySelect,39
9000000,QuickSelect,60
9000000,LazySelect,40
9000000,QuickSelect,73
9000000,LazySelect,55
9000000,QuickSelect,63
9000000,LazySelect,60
9000000,QuickSelect,47
9000000,LazySelect,35
9000000,QuickSelect,78
9000000,LazySelect,46
9000000,QuickSelect,76
9000000,LazySelect,52
9000000,QuickSelect,66
9000000,LazySelect,51
9000000,QuickSelect,72
9000000,LazySelect,42
9000000,QuickSelect,83
9000000,LazySelect,43
9000000,QuickSelect,86
9000000,LazySelect,43
9000000,QuickSelect,45
9000000,LazySelect,36
9000000,QuickSelect,17
9000000,LazySelect,37
9000000,QuickSelect,86
9000000,LazySelect,51
9000000,QuickSelect,78
9000000,LazySelect,50
9000000,QuickSelect,62
9000000,LazySelect,36
9000000,QuickSelect,60
9000000,LazySelect,37
9000000,QuickSelect,63
9000000,LazySelect,39
9000000,QuickSelect,44
9000000,LazySelect,45
9000000,QuickSelect,85
9000000,LazySelect,57
9000000,QuickSelect,38
9000000,LazySelect,39
9000000,QuickSelect,44
9000000,LazySelect,42
9000000,QuickSelect,45
9000000,LazySelect,38
9000000,QuickSelect,81
9000000,LazySelect,46
9000000,QuickSelect,69
9000000,LazySelect,42
9000000,QuickSelect,61
9000000,LazySelect,46
9000000,QuickSelect,75
9000000,LazySelect,39
9000000,QuickSelect,51
9000000,LazySelect,43
9000000,QuickSelect,73
9000000,LazySelect,40
9000000,QuickSelect,67
9000000,LazySelect,56
9000000,QuickSelect,95
9000000,LazySelect,61
9000000,QuickSelect,69
9000000,LazySelect,48
9000000,QuickSelect,75
9000000,LazySelect,30
9000000,QuickSelect,17
9000000,LazySelect,28
9000000,QuickSelect,84
9000000,LazySelect,53
9000000,QuickSelect,63
9000000,LazySelect,47
9000000,QuickSelect,51
9000000,LazySelect,41
9000000,QuickSelect,65
9000000,LazySelect,59
9000000,QuickSelect,64
9000000,LazySelect,57
9000000,QuickSelect,52
9000000,LazySelect,39
9000000,QuickSelect,61
9000000,LazySelect,48
9000000,QuickSelect,59
9000000,LazySelect,45
9000000,QuickSelect,72
9000000,LazySelect,62
9000000,QuickSelect,85
9000000,LazySelect,54
9000000,QuickSelect,77
9000000,LazySelect,62
9000000,QuickSelect,80
9000000,LazySelect,64
9000000,QuickSelect,64
9000000,LazySelect,62
9000000,QuickSelect,67
9000000,LazySelect,52
9000000,QuickSelect,67
9000000,LazySelect,41
9000000,QuickSelect,50
9000000,LazySelect,56
9000000,QuickSelect,50
9000000,LazySelect,55
9000000,QuickSelect,82
9000000,LazySelect,63
9000000,QuickSelect,84
9000000,LazySelect,66
9000000,QuickSelect,81
9000000,LazySelect,51
9000000,QuickSelect,70
9000000,LazySelect,54
9000000,QuickSelect,69
9000000,LazySelect,51
9000000,QuickSelect,67
9000000,LazySelect,43
9000000,QuickSelect,68
9000000,LazySelect,56
9000000,QuickSelect,62
9000000,LazySelect,56
9000000,QuickSelect,75
9000000,LazySelect,51
9000000,QuickSelect,83
9000000,LazySelect,59
9000000,QuickSelect,92
9000000,LazySelect,54
9000000,QuickSelect,73
9000000,LazySelect,56
9000000,QuickSelect,78
9000000,LazySelect,43
9000000,QuickSelect,67
9000000,LazySelect,49
9000000,QuickSelect,48
9000000,LazySelect,38
9000000,QuickSelect,75
9000000,LazySelect,50
9000000,QuickSelect,73
9000000,LazySelect,59
9000000,QuickSelect,56
9000000,LazySelect,41
9000000,QuickSelect,59
9000000,LazySelect,42
9000000,QuickSelect,31
9000000,LazySelect,47
9000000,QuickSelect,62
9000000,LazySelect,55
9000000,QuickSelect,87
9000000,LazySelect,59
9500000,QuickSelect,62
9500000,LazySelect,45
9500000,QuickSelect,79
9500000,LazySelect,49
9500000,QuickSelect,66
9500000,LazySelect,40
9500000,QuickSelect,85
9500000,LazySelect,40
9500000,QuickSelect,84
9500000,LazySelect,62
9500000,QuickSelect,12
9500000,LazySelect,32
9500000,QuickSelect,52
9500000,LazySelect,58
9500000,QuickSelect,95
9500000,LazySelect,47
9500000,QuickSelect,74
9500000,LazySelect,39
9500000,QuickSelect,71
9500000,LazySelect,64
9500000,QuickSelect,84
9500000,LazySelect,54
9500000,QuickSelect,48
9500000,LazySelect,32
9500000,QuickSelect,82
9500000,LazySelect,51
9500000,QuickSelect,87
9500000,LazySelect,56
9500000,QuickSelect,76
9500000,LazySelect,39
9500000,QuickSelect,84
9500000,LazySelect,54
9500000,QuickSelect,56
9500000,LazySelect,46
9500000,QuickSelect,49
9500000,LazySelect,46
9500000,QuickSelect,56
9500000,LazySelect,37
9500000,QuickSelect,88
9500000,LazySelect,62
9500000,QuickSelect,53
9500000,LazySelect,54
9500000,QuickSelect,71
9500000,LazySelect,62
9500000,QuickSelect,52
9500000,LazySelect,45
9500000,QuickSelect,95
9500000,LazySelect,63
9500000,QuickSelect,52
9500000,LazySelect,38
9500000,QuickSelect,55
9500000,LazySelect,45
9500000,QuickSelect,69
9500000,LazySelect,61
9500000,QuickSelect,59
9500000,LazySelect,42
9500000,QuickSelect,58
9500000,LazySelect,48
9500000,QuickSelect,86
9500000,LazySelect,62
9500000,QuickSelect,50
9500000,LazySelect,45
9500000,QuickSelect,75
9500000,LazySelect,56
9500000,QuickSelect,93
9500000,LazySelect,67
9500000,QuickSelect,39
9500000,LazySelect,48
9500000,QuickSelect,89
9500000,LazySelect,59
9500000,QuickSelect,87
9500000,LazySelect,64
9500000,QuickSelect,69
9500000,LazySelect,52
9500000,QuickSelect,78
9500000,LazySelect,58
9500000,QuickSelect,44
9500000,LazySelect,43
9500000,QuickSelect,53
9500000,LazySelect,52
9500000,QuickSelect,91
9500000,LazySelect,62
9500000,QuickSelect,23
9500000,LazySelect,39
9500000,QuickSelect,94
9500000,LazySelect,50
9500000,QuickSelect,89
9500000,LazySelect,44
9500000,QuickSelect,63
9500000,LazySelect,38
9500000,QuickSelect,81
9500000,LazySelect,46
9500000,QuickSelect,51
9500000,LazySelect,40
9500000,QuickSelect,83
9500000,LazySelect,55
9500000,QuickSelect,65
9500000,LazySelect,61
9500000,QuickSelect,97
9500000,LazySelect,58
9500000,QuickSelect,83
9500000,LazySelect,53
9500000,QuickSelect,63
9500000,LazySelect,56
9500000,QuickSelect,56
9500000,LazySelect,33
9500000,QuickSelect,70
9500000,LazySelect,61
9500000,QuickSelect,74
9500000,LazySelect,58
9500000,QuickSelect,91
9500000,LazySelect,74
9500000,QuickSelect,48
9500000,LazySelect,53
9500000,QuickSelect,51
9500000,LazySelect,59
9500000,QuickSelect,91
9500000,LazySelect,62
9500000,QuickSelect,63
9500000,LazySelect,41
9500000,QuickSelect,51
9500000,LazySelect,41
9500000,QuickSelect,67
9500000,LazySelect,49
9500000,QuickSelect,62
9500000,LazySelect,54
9500000,QuickSelect,62
9500000,LazySelect,58
9500000,QuickSelect,63
9500000,LazySelect,44
9500000,QuickSelect,68
9500000,LazySelect,45
9500000,QuickSelect,56
9500000,LazySelect,43
9500000,QuickSelect,75
9500000,LazySelect,66
9500000,QuickSelect,88
9500000,LazySelect,50
9500000,QuickSelect,78
9500000,LazySelect,56
9500000,QuickSelect,59
9500000,LazySelect,56
9500000,QuickSelect,71
9500000,LazySelect,63
9500000,QuickSelect,75
9500000,LazySelect,43
9500000,QuickSelect,23
9500000,LazySelect,37
9500000,QuickSelect,68
9500000,LazySelect,62
9500000,QuickSelect,79
9500000,LazySelect,63
9500000,QuickSelect,95
9500000,LazySelect,49
9500000,QuickSelect,78
9500000,LazySelect,60
9500000,QuickSelect,52
9500000,LazySelect,39
9500000,QuickSelect,78
9500000,LazySelect,63
9500000,QuickSelect,76
9500000,LazySelect,63
9500000,QuickSelect,82
9500000,LazySelect,63
9500000,QuickSelect,93
9500000,LazySelect,58
9500000,QuickSelect,83
9500000,LazySelect,46
9500000,QuickSelect,76
9500000,LazySelect,46
9500000,QuickSelect,73
9500000,LazySelect,49
9500000,QuickSelect,77
9500000,LazySelect,42
9500000,QuickSelect,73
9500000,LazySelect,56
9500000,QuickSelect,53
9500000,LazySelect,30
9500000,QuickSelect,87
9500000,LazySelect,63
9500000,QuickSelect,74
9500000,LazySelect,48
9500000,QuickSelect,56
9500000,LazySelect,44
9500000,QuickSelect,54
9500000,LazySelect,57
9500000,QuickSelect,63
9500000,LazySelect,64
9500000,QuickSelect,35
9500000,LazySelect,38
9500000,QuickSelect,97
9500000,LazySelect,60
9500000,QuickSelect,65
9500000,LazySelect,41
9500000,QuickSelect,81
9500000,LazySelect,56
9500000,QuickSelect,53
9500000,LazySelect,49
9500000,QuickSelect,81
9500000,LazySelect,49
10000000,QuickSelect,101
10000000,LazySelect,66
10000000,QuickSelect,82
10000000,LazySelect,53
10000000,QuickSelect,102
10000000,LazySelect,62
10000000,QuickSelect,44
10000000,LazySelect,48
10000000,QuickSelect,79
10000000,LazySelect,63
10000000,QuickSelect,91
10000000,LazySelect,54
10000000,QuickSelect,58
10000000,LazySelect,41
10000000,QuickSelect,58
10000000,LazySelect,40
10000000,QuickSelect,87
10000000,LazySelect,61
10000000,QuickSelect,102
10000000,LazySelect,41
10000000,QuickSelect,69
10000000,LazySelect,50
10000000,QuickSelect,76
10000000,LazySelect,57
10000000,QuickSelect,86
10000000,LazySelect,55
10000000,QuickSelect,87
10000000,LazySelect,49
10000000,QuickSelect,84
10000000,LazySelect,69
10000000,QuickSelect,66
10000000,LazySelect,53
10000000,QuickSelect,58
10000000,LazySelect,69
10000000,QuickSelect,86
10000000,LazySelect,57
10000000,QuickSelect,113
10000000,LazySelect,70
10000000,QuickSelect,98
10000000,LazySelect,69
10000000,QuickSelect,101
10000000,LazySelect,54
10000000,QuickSelect,78
10000000,LazySelect,66
10000000,QuickSelect,33
10000000,LazySelect,46
10000000,QuickSelect,55
10000000,LazySelect,39
10000000,QuickSelect,62
10000000,LazySelect,72
10000000,QuickSelect,93
10000000,LazySelect,66
10000000,QuickSelect,16
10000000,LazySelect,36
10000000,QuickSelect,90
10000000,LazySelect,63
10000000,QuickSelect,60
10000000,LazySelect,38
10000000,QuickSelect,89
10000000,LazySelect,66
10000000,QuickSelect,83
10000000,LazySelect,61
10000000,QuickSelect,26
10000000,LazySelect,46
10000000,QuickSelect,60
10000000,LazySelect,52
10000000,QuickSelect,82
10000000,LazySelect,65
10000000,QuickSelect,64
10000000,LazySelect,49
10000000,QuickSelect,79
10000000,LazySelect,47
10000000,QuickSelect,79
10000000,LazySelect,43
10000000,QuickSelect,84
10000000,LazySelect,53
10000000,QuickSelect,91
10000000,LazySelect,62
10000000,QuickSelect,15
10000000,LazySelect,34
10000000,QuickSelect,80
10000000,LazySelect,66
10000000,QuickSelect,74
10000000,LazySelect,38
10000000,QuickSelect,82
10000000,LazySelect,49
10000000,QuickSelect,52
10000000,LazySelect,47
10000000,QuickSelect,75
10000000,LazySelect,65
10000000,QuickSelect,76
10000000,LazySelect,55
10000000,QuickSelect,87
10000000,LazySelect,61
10000000,QuickSelect,86
10000000,LazySelect,55
10000000,QuickSelect,84
10000000,LazySelect,66
10000000,QuickSelect,81
10000000,LazySelect,48
10000000,QuickSelect,68
10000000,LazySelect,52
10000000,QuickSelect,106
10000000,LazySelect,59
10000000,QuickSelect,66
10000000,LazySelect,36
10000000,QuickSelect,50
10000000,LazySelect,67
10000000,QuickSelect,68
10000000,LazySelect,66
10000000,QuickSelect,104
10000000,LazySelect,58
10000000,QuickSelect,103
10000000,LazySelect,67
10000000,QuickSelect,80
10000000,LazySelect,43
10000000,QuickSelect,85
10000000,LazySelect,67
10000000,QuickSelect,68
10000000,LazySelect,68
10000000,QuickSelect,91
10000000,LazySelect,68
10000000,QuickSelect,82
10000000,LazySelect,62
10000000,QuickSelect,74
10000000,LazySelect,63
10000000,QuickSelect,87
10000000,LazySelect,58
10000000,QuickSelect,33
10000000,LazySelect,52
10000000,QuickSelect,84
10000000,LazySelect,56
10000000,QuickSelect,84
10000000,LazySelect,64
10000000,QuickSelect,80
10000000,LazySelect,54
10000000,QuickSelect,45
10000000,LazySelect,53
10000000,QuickSelect,39
10000000,LazySelect,43
10000000,QuickSelect,68
10000000,LazySelect,62
10000000,QuickSelect,80
10000000,LazySelect,63
10000000,QuickSelect,70
10000000,LazySelect,52
10000000,QuickSelect,48
10000000,LazySelect,50
10000000,QuickSelect,90
10000000,LazySelect,48
10000000,QuickSelect,85
10000000,LazySelect,44
10000000,QuickSelect,73
10000000,LazySelect,60
10000000,QuickSelect,78
10000000,LazySelect,65
10000000,QuickSelect,53
10000000,LazySelect,30
10000000,QuickSelect,85
10000000,LazySelect,55
10000000,QuickSelect,78
10000000,LazySelect,67
10000000,QuickSelect,48
10000000,LazySelect,32
10000000,QuickSelect,70
10000000,LazySelect,66
10000000,QuickSelect,65
10000000,LazySelect,57
10000000,QuickSelect,58
10000000,LazySelect,62
10000000,QuickSelect,84
10000000,LazySelect,47
10000000,QuickSelect,83
10000000,LazySelect,65
10000000,QuickSelect,22
10000000,LazySelect,40
10000000,QuickSelect,98
10000000,LazySelect,66
10000000,QuickSelect,97
10000000,LazySelect,72
10000000,QuickSelect,62
10000000,LazySelect,54
10000000,QuickSelect,81
10000000,LazySelect,67
10000000,QuickSelect,73
10000000,LazySelect,54
10000000,QuickSelect,45
10000000,LazySelect,56
10000000,QuickSelect,65
10000000,LazySelect,45
10000000,QuickSelect,84
10000000,LazySelect,48
10000000,QuickSelect,64
10000000,LazySelect,48
10000000,QuickSelect,45
10000000,LazySelect,43
10000000,QuickSelect,77
10000000,LazySelect,53
10000000,QuickSelect,74
10000000,LazySelect,35
